Date,Open,High,Low,Close,Volume,Amount
2020-06-29,59.00,59.00,57.00,57.20,13165.00,753038.00
2020-06-30,59.00,59.00,58.90,59.00,10100.00,595900.00
2020-07-01,59.50,59.70,59.50,59.70,18000.00,1074600.00
2020-07-02,59.00,59.00,58.70,59.00,8022.00,473298.00
2020-07-03,59.00,59.10,58.50,59.00,21493.00,1268087.00
2020-07-06,59.80,62.00,59.80,61.10,31246.00,1909130.60
2020-07-07,61.10,61.10,60.10,60.20,22377.00,1347095.40
2020-07-08,61.00,61.50,61.00,61.50,22000.00,1353000.00
2020-07-09,61.50,61.50,59.50,60.70,20100.00,1220070.00
2020-07-10,60.30,60.30,58.70,58.80,21035.00,1236858.00
2020-07-13,58.70,59.00,58.30,58.30,24227.00,1412434.10
2020-07-14,59.00,59.50,59.00,59.50,5049.00,300415.50
2020-07-15,59.50,59.80,59.00,59.80,14000.00,837200.00
2020-07-16,60.00,60.30,60.00,60.00,32033.00,1921980.00
2020-07-17,60.00,60.10,60.00,60.00,13000.00,780000.00
2020-07-20,60.30,60.30,60.30,60.30,1000.00,60300.00
2020-07-21,60.70,60.90,60.70,60.90,23033.00,1402709.70
2020-07-22,61.40,61.40,61.40,61.40,2150.00,132010.00
2020-07-23,61.00,61.00,60.80,60.80,4377.00,266121.60
2020-07-24,60.60,60.60,58.60,58.60,8201.00,480578.60
2020-07-27,57.60,60.50,57.60,60.50,7900.00,477950.00
2020-07-28,58.60,59.70,58.60,58.70,5109.00,299898.30
2020-07-29,59.30,59.30,59.30,59.30,3000.00,177900.00
2020-07-30,59.00,59.50,58.60,59.50,8000.00,476000.00
2020-07-31,60.50,61.50,60.50,61.30,6000.00,367800.00
2020-08-03,59.20,59.20,58.50,59.00,19200.00,1132800.00
2020-08-04,60.30,60.30,59.20,59.20,6187.00,366270.40
2020-08-05,58.80,60.00,58.80,60.00,9000.00,540000.00
2020-08-06,60.00,60.20,60.00,60.00,10000.00,600000.00
2020-08-07,60.60,60.60,60.00,60.50,15226.00,921173.00
2020-08-10,60.60,60.60,60.40,60.40,4015.00,242506.00
2020-08-11,62.10,62.10,60.50,61.00,10200.00,622200.00
2020-08-12,62.10,62.10,60.80,60.80,34454.00,2094803.20
2020-08-13,56.60,61.00,56.60,58.90,41200.00,2426680.00
2020-08-14,59.00,59.00,57.30,58.00,9000.00,522000.00
2020-08-17,58.00,60.00,58.00,58.50,14767.00,863869.50
2020-08-18,59.00,59.20,59.00,59.00,9000.00,531000.00
2020-08-19,59.00,59.00,59.00,59.00,1011.00,59649.00
2020-08-20,59.00,59.70,58.00,58.90,38100.00,2244090.00
2020-08-21,59.40,59.40,59.30,59.30,2066.00,122513.80
2020-08-24,59.30,59.60,58.80,59.50,7000.00,416500.00
2020-08-25,59.60,60.30,59.60,60.10,13018.00,782381.80
2020-08-26,60.50,60.50,60.50,60.50,1000.00,60500.00
2020-08-27,60.00,60.00,60.00,60.00,1035.00,62100.00
2020-08-28,60.00,60.00,60.00,60.00,7000.00,420000.00
2020-08-31,60.90,60.90,60.10,60.10,4000.00,240400.00
2020-09-01,60.00,60.00,60.00,60.00,2000.00,120000.00
2020-09-02,60.00,60.00,60.00,60.00,6335.00,380100.00
2020-09-03,60.00,60.00,59.70,59.80,20040.00,1198392.00
2020-09-04,59.70,59.70,59.70,59.70,8000.00,477600.00
2020-09-07,59.80,59.80,59.50,59.50,6045.00,359677.50
2020-09-09,59.00,59.00,59.00,59.00,2208.00,130272.00
2020-09-10,59.90,60.00,59.90,60.00,2000.00,120000.00
2020-09-11,58.70,59.70,58.70,59.70,3035.00,181189.50
2020-09-14,59.30,59.70,59.30,59.70,2100.00,125370.00
2020-09-15,59.70,59.80,59.40,59.40,5000.00,297000.00
2020-09-16,59.90,59.90,59.90,59.90,6000.00,359400.00
2020-09-17,60.00,60.50,59.00,60.00,27000.00,1620000.00
2020-09-18,60.00,60.80,59.90,59.90,36035.00,2158496.50
2020-09-21,60.00,60.00,60.00,60.00,8000.00,480000.00
2020-09-22,59.80,59.80,59.80,59.80,3000.00,179400.00
2020-09-23,59.50,59.50,59.50,59.50,6000.00,357000.00
2020-09-24,58.00,59.00,58.00,58.30,9000.00,524700.00
2020-09-25,58.30,58.90,58.00,58.90,5002.00,294617.80
2020-09-29,58.90,59.00,58.80,59.00,5000.00,295000.00
2020-09-30,59.20,59.20,59.20,59.20,1001.00,59259.20
2020-10-05,60.60,60.60,59.80,60.00,10000.00,600000.00
2020-10-06,60.00,60.40,59.70,60.40,19333.00,1167713.20
2020-10-07,60.00,60.00,59.80,60.00,27040.00,1622400.00
2020-10-08,60.00,60.00,59.50,60.00,10000.00,600000.00
2020-10-12,60.00,60.20,59.90,60.00,10007.00,600420.00
2020-10-13,59.80,60.00,59.60,60.00,10000.00,600000.00
2020-10-14,59.30,59.90,59.00,59.90,4000.00,239600.00
2020-10-15,60.00,60.00,60.00,60.00,1000.00,60000.00
2020-10-16,59.90,60.00,59.50,60.00,21000.00,1260000.00
2020-10-19,60.00,60.00,60.00,60.00,8000.00,480000.00
2020-10-20,60.00,60.00,60.00,60.00,2000.00,120000.00
2020-10-21,60.00,60.00,59.80,60.00,8000.00,480000.00
2020-10-22,59.50,59.50,59.40,59.50,6000.00,357000.00
2020-10-23,59.50,59.50,59.40,59.40,4200.00,249480.00
2020-10-26,59.50,59.50,59.50,59.50,1200.00,71400.00
2020-10-27,59.50,59.50,59.50,59.50,3000.00,178500.00
2020-10-28,59.10,59.50,59.00,59.50,4000.00,238000.00
2020-10-30,58.50,59.50,58.50,59.50,6000.00,357000.00
2020-11-02,59.50,59.50,59.40,59.40,3066.00,182120.40
2020-11-03,59.70,59.70,59.30,59.30,6230.00,369439.00
2020-11-04,59.00,59.00,59.00,59.00,6000.00,354000.00
2020-11-05,59.00,59.30,59.00,59.30,2300.00,136390.00
2020-11-06,59.50,59.70,59.50,59.70,2371.00,141548.70
2020-11-09,59.70,59.70,58.90,59.20,4000.00,236800.00
2020-11-10,59.90,59.90,59.50,59.50,3000.00,178500.00
2020-11-11,59.50,59.60,59.50,59.60,2000.00,119200.00
2020-11-12,60.00,60.30,59.80,59.80,12173.00,727945.40
2020-11-13,60.00,60.00,60.00,60.00,5020.00,301200.00
2020-11-16,59.90,59.90,59.80,59.90,4498.00,269430.20
2020-11-17,60.00,60.00,60.00,60.00,4000.00,240000.00
2020-11-18,59.00,59.90,59.00,59.80,11000.00,657800.00
2020-11-19,59.80,60.00,59.70,60.00,12045.00,722700.00
2020-11-20,60.00,60.00,59.90,60.00,7082.00,424920.00
2020-11-23,61.60,61.60,60.40,60.40,4129.00,249391.60
2020-11-24,60.40,60.40,60.40,60.40,1156.00,69822.40
2020-11-25,60.80,60.80,60.80,60.80,2451.00,149020.80
2020-11-26,61.50,61.50,61.50,61.50,5000.00,307500.00
2020-11-27,61.00,61.00,61.00,61.00,1140.00,69540.00
2020-11-30,61.00,61.00,60.00,60.00,13225.00,793500.00
2020-12-01,60.90,60.90,60.60,60.60,3000.00,181800.00
2020-12-02,60.00,60.00,59.80,59.80,11142.00,666291.60
2020-12-03,59.80,59.80,59.50,59.50,8001.00,476059.50
2020-12-04,60.20,60.20,59.50,60.00,8374.00,502440.00
2020-12-07,59.00,59.50,59.00,59.40,5242.00,311374.80
2020-12-08,59.90,60.00,59.50,59.50,4003.00,238178.50
2020-12-09,59.50,59.50,59.30,59.40,10021.00,595247.40
2020-12-10,59.80,59.80,59.50,59.50,9382.00,558229.00
2020-12-11,59.80,59.80,59.80,59.80,1000.00,59800.00
2020-12-14,59.80,60.00,59.70,60.00,9002.00,540120.00
2020-12-15,60.00,60.00,59.50,59.50,14930.00,888335.00
2020-12-16,59.00,61.00,59.00,61.00,25001.00,1525061.00
2020-12-17,61.00,62.30,60.80,62.30,22310.00,1389913.00
2020-12-18,62.30,62.30,60.90,60.90,10245.00,623920.50
2020-12-21,62.00,62.00,61.00,61.00,15197.00,927017.00
2020-12-22,61.00,61.00,60.80,60.80,12312.00,748569.60
2020-12-23,60.90,61.00,60.40,60.40,21028.00,1270091.20
2020-12-24,59.50,61.60,59.50,61.60,17500.00,1078000.00
2020-12-25,61.40,61.40,61.10,61.10,3145.00,192159.50
2020-12-28,61.20,61.90,61.20,61.90,25976.00,1607914.40
2020-12-29,61.90,61.90,61.90,61.90,10004.00,619247.60
2020-12-30,61.90,62.30,61.50,62.20,22360.00,1390792.00
2020-12-31,62.20,62.20,61.90,62.20,18620.00,1158164.00
2021-01-04,62.50,63.00,62.10,63.00,22470.00,1415610.00
2021-01-05,62.10,62.10,62.00,62.00,8045.00,498790.00
2021-01-06,62.00,62.00,61.90,61.90,5000.00,309500.00
2021-01-07,62.20,62.20,62.20,62.20,1705.00,106051.00
2021-01-08,62.30,62.70,62.30,62.70,5033.00,315569.10
2021-01-11,62.20,62.20,62.10,62.10,4278.00,265663.80
2021-01-12,62.20,62.20,61.90,61.90,11366.00,703555.40
2021-01-13,62.00,62.80,62.00,62.80,13011.00,817090.80
2021-01-14,63.50,63.70,62.20,62.90,17133.00,1077665.70
2021-01-15,62.20,62.20,62.00,62.00,6455.00,400210.00
2021-01-18,62.00,62.00,61.70,61.70,9648.00,595281.60
2021-01-19,61.70,63.30,61.70,63.30,3181.00,201357.30
2021-01-20,62.30,62.30,61.70,61.70,19000.00,1172300.00
2021-01-21,62.00,64.90,61.70,62.40,23000.00,1435200.00
2021-01-22,62.80,63.00,62.50,63.00,9328.00,587664.00
2021-01-25,62.50,64.00,62.50,63.90,24084.00,1538967.60
2021-01-26,62.70,64.50,62.60,63.00,8577.00,540351.00
2021-01-27,62.50,63.00,62.50,62.70,10040.00,629508.00
2021-01-28,62.70,62.70,61.10,62.70,15000.00,940500.00
2021-01-29,61.60,62.80,61.10,61.40,20100.00,1234140.00
2021-02-01,62.00,62.00,62.00,62.00,1302.00,80724.00
2021-02-02,62.20,62.80,62.20,62.80,4000.00,251200.00
2021-02-03,62.80,62.80,62.60,62.70,8000.00,501600.00
2021-02-04,62.80,62.80,62.50,62.50,7138.00,446125.00
2021-02-05,63.00,63.40,62.60,62.60,6035.00,377791.00
2021-02-17,63.40,63.40,62.80,63.40,7200.00,456480.00
2021-02-18,63.50,63.50,63.10,63.10,10200.00,643620.00
2021-02-19,63.50,63.50,62.50,62.50,8100.00,506250.00
2021-02-22,62.70,63.30,62.70,63.00,16200.00,1020600.00
2021-02-23,63.20,64.00,63.20,64.00,29511.00,1888704.00
2021-02-24,64.50,64.50,63.80,64.00,19048.00,1219072.00
2021-02-25,64.40,65.00,63.10,64.00,52160.00,3338240.00
2021-02-26,64.00,65.70,62.30,63.70,56355.00,3589813.50
2021-03-02,63.70,63.70,63.70,63.70,6003.00,382391.10
2021-03-03,62.20,63.30,62.20,63.00,13565.00,854595.00
2021-03-04,62.50,62.80,62.30,62.80,12530.00,786884.00
2021-03-05,63.90,64.50,63.90,64.00,10101.00,646464.00
2021-03-08,63.60,64.50,63.60,64.50,4129.00,266320.50
2021-03-09,64.90,65.00,64.20,64.80,10433.00,676058.40
2021-03-10,64.10,64.10,64.10,64.10,6057.00,388253.70
2021-03-11,64.50,64.60,64.20,64.20,12400.00,796080.00
2021-03-12,64.20,64.20,64.20,64.20,1120.00,71904.00
2021-03-15,64.20,64.50,63.10,64.10,20055.00,1285525.50
2021-03-16,64.10,64.10,64.10,64.10,2036.00,130507.60
2021-03-17,63.40,63.80,63.10,63.10,8187.00,516599.70
2021-03-18,64.10,64.20,63.70,63.70,18180.00,1158066.00
2021-03-19,63.20,63.30,62.90,62.90,25005.00,1572814.50
2021-03-22,62.80,63.60,62.80,63.50,3212.00,203962.00
2021-03-23,63.90,63.90,63.90,63.90,1302.00,83197.80
2021-03-24,63.90,64.40,63.00,63.10,48100.00,3035110.00
2021-03-25,63.00,63.00,63.00,63.00,1100.00,69300.00
2021-03-26,62.80,63.20,62.70,62.80,25311.00,1589530.80
2021-03-29,62.90,62.90,62.80,62.80,3315.00,208182.00
2021-03-30,63.00,63.10,63.00,63.10,7316.00,461639.60
2021-03-31,63.10,63.10,63.10,63.10,1002.00,63226.20
2021-04-06,63.20,64.40,63.20,63.60,11199.00,712256.40
2021-04-07,63.60,64.50,63.40,64.00,14122.00,903808.00
2021-04-08,63.70,64.30,63.70,64.30,25717.00,1653603.10
2021-04-09,64.00,65.80,64.00,64.80,32006.00,2073988.80
2021-04-12,65.20,65.20,64.60,65.00,14305.00,929825.00
2021-04-13,64.90,65.00,64.20,65.00,26276.00,1707940.00
2021-04-14,64.40,65.40,64.00,65.40,42146.00,2756348.40
2021-04-15,65.60,65.60,64.70,65.60,19268.00,1263980.80
2021-04-16,65.60,65.80,65.50,65.80,18936.00,1245988.80
2021-04-19,65.80,65.90,65.70,65.90,19445.00,1281425.50
2021-04-20,66.40,66.60,66.40,66.40,23406.00,1554158.40
2021-04-21,66.00,66.30,65.20,65.40,40412.00,2642944.80
2021-04-22,65.40,65.40,64.20,64.20,35035.00,2249247.00
2021-04-23,64.30,65.50,64.30,65.10,18349.00,1194519.90
2021-04-26,64.60,64.60,64.30,64.30,26036.00,1674114.80
2021-04-27,64.30,65.00,63.80,65.00,32057.00,2083705.00
2021-04-28,65.50,65.50,63.90,64.50,35028.00,2259306.00
2021-04-29,65.40,65.40,64.70,65.00,71264.00,4632160.00
2021-05-03,65.00,65.00,63.90,63.90,59130.00,3778407.00
2021-05-04,64.00,64.10,63.00,63.10,58001.00,3659863.10
2021-05-05,62.70,62.80,62.70,62.80,6020.00,378056.00
2021-05-06,63.20,63.60,63.20,63.20,7081.00,447519.20
2021-05-07,63.30,64.20,63.30,64.20,5140.00,329988.00
2021-05-10,64.90,65.20,64.60,65.20,27953.00,1822535.60
2021-05-11,64.10,65.10,64.00,64.00,28240.00,1807360.00
2021-05-12,64.00,64.00,61.20,61.40,46000.00,2824400.00
2021-05-13,61.40,61.40,60.00,60.20,27101.00,1631480.20
2021-05-14,62.80,62.80,61.80,61.80,14000.00,865200.00
2021-05-17,61.70,61.70,60.10,60.10,11001.00,661160.10
2021-05-18,61.00,62.40,61.00,61.90,32000.00,1980800.00
2021-05-19,60.10,61.90,60.10,61.50,37133.00,2283679.50
2021-05-20,61.80,61.90,61.50,61.50,14000.00,861000.00
2021-05-21,62.50,62.50,62.50,62.50,1000.00,62500.00
2021-05-24,62.90,63.00,62.80,62.90,16000.00,1006400.00
2021-05-25,63.90,63.90,63.90,63.90,1000.00,63900.00
2021-05-26,63.90,63.90,63.30,63.30,14000.00,886200.00
2021-05-27,63.00,63.00,62.80,63.00,8000.00,504000.00
2021-05-28,62.20,63.50,62.20,63.10,10033.00,633082.30
2021-05-31,63.70,63.70,63.10,63.50,6002.00,381127.00
2021-06-01,63.60,63.80,63.50,63.50,13373.00,849185.50
2021-06-02,63.50,63.50,63.30,63.30,9140.00,578562.00
2021-06-03,63.50,63.50,63.20,63.30,4002.00,253326.60
2021-06-04,63.50,63.50,63.50,63.50,8967.00,569404.50
2021-06-08,64.80,64.90,63.50,63.50,8244.00,523494.00
2021-06-09,63.50,63.50,63.50,63.50,3030.00,192405.00
2021-06-10,63.50,63.50,63.20,63.20,12031.00,760359.20
2021-06-11,63.50,63.50,63.10,63.10,15040.00,949024.00
2021-06-15,63.20,63.20,63.20,63.20,1324.00,83676.80
2021-06-16,62.90,63.20,62.80,62.80,6176.00,387852.80
2021-06-17,63.00,63.20,63.00,63.20,18111.00,1144615.20
2021-06-18,63.40,63.70,63.40,63.70,6000.00,382200.00
2021-06-21,63.70,69.00,63.70,66.80,111656.00,7458620.80
2021-06-22,68.00,68.40,66.70,68.10,121968.00,8306020.80
2021-06-23,69.00,74.90,67.30,73.80,1069696.00,78943564.80
2021-06-24,73.90,73.90,69.00,73.70,379972.00,28003936.40
2021-06-25,74.20,75.50,73.40,73.60,379488.00,27930316.80
2021-06-28,73.60,74.30,71.50,71.50,85280.00,6097520.00
2021-06-29,71.10,72.00,70.70,70.70,95218.00,6731912.60
2021-06-30,70.10,70.20,69.00,69.10,80835.00,5585698.50
2021-07-01,69.60,69.60,66.90,66.90,54200.00,3625980.00
2021-07-02,67.30,67.30,66.10,66.10,65578.00,4334705.80
2021-07-05,66.70,66.70,65.20,65.80,49275.00,3242295.00
2021-07-06,66.80,68.60,66.60,66.60,53220.00,3544452.00
2021-07-07,65.80,66.30,65.50,65.60,36158.00,2371964.80
2021-07-08,65.70,65.80,65.70,65.70,14069.00,924333.30
2021-07-09,65.70,65.70,65.60,65.70,7119.00,467718.30
2021-07-12,65.30,66.80,65.30,65.50,13254.00,868137.00
2021-07-13,65.50,65.70,65.20,65.20,26489.00,1727082.80
2021-07-14,66.40,66.90,65.40,65.40,26041.00,1703081.40
2021-07-15,65.40,65.40,65.30,65.40,22100.00,1445340.00
2021-07-16,65.10,65.40,65.00,65.10,16051.00,1044920.10
2021-07-19,65.10,65.50,64.80,65.50,32057.00,2099733.50
2021-07-20,65.00,65.30,65.00,65.00,32142.00,2089230.00
2021-07-21,65.10,65.30,65.10,65.30,8000.00,522400.00
2021-07-22,65.90,66.20,65.60,65.60,9000.00,590400.00
2021-07-23,65.50,65.70,65.40,65.70,13134.00,862903.80
2021-07-26,67.70,67.70,66.10,66.10,3002.00,198432.20
2021-07-27,66.10,66.10,66.10,66.10,7063.00,466864.30
2021-07-28,65.70,66.40,65.60,66.00,35122.00,2318052.00
2021-07-29,66.00,66.10,66.00,66.10,3026.00,200018.60
2021-07-30,66.10,66.30,66.10,66.10,5000.00,330500.00
2021-08-02,66.30,67.40,66.30,67.20,6049.00,406492.80
2021-08-03,66.70,66.70,66.70,66.70,2000.00,133400.00
2021-08-04,66.80,69.80,66.80,68.80,13540.00,931552.00
2021-08-05,68.80,68.80,67.50,67.50,17310.00,1168425.00
2021-08-06,67.60,67.70,67.10,67.10,10002.00,671134.20
2021-08-09,67.20,67.20,67.10,67.20,7000.00,470400.00
2021-08-10,67.10,67.10,66.20,66.50,12154.00,808241.00
2021-08-11,67.20,67.50,67.20,67.40,33001.00,2224267.40
2021-08-12,67.20,67.20,65.90,66.70,57465.00,3832915.50
2021-08-13,66.70,66.70,65.60,65.60,27000.00,1771200.00
2021-08-16,66.00,66.00,65.40,65.40,23000.00,1504200.00
2021-08-17,65.00,65.00,64.60,64.60,9093.00,587407.80
2021-08-18,63.30,65.00,63.30,65.00,11157.00,725205.00
2021-08-19,64.00,64.00,64.00,64.00,1000.00,64000.00
2021-08-20,63.80,63.80,63.70,63.70,2000.00,127400.00
2021-08-23,64.30,64.50,64.30,64.50,2047.00,132031.50
2021-08-24,63.80,63.80,63.80,63.80,2033.00,129705.40
2021-08-25,65.00,65.10,65.00,65.00,16210.00,1053650.00
2021-08-26,65.00,65.00,65.00,65.00,11061.00,718965.00
2021-08-27,65.30,65.30,65.00,65.00,11101.00,721565.00
2021-08-30,65.00,65.10,65.00,65.00,10103.00,656695.00
2021-08-31,65.00,65.10,65.00,65.10,9000.00,585900.00
2021-09-01,65.10,65.10,65.00,65.10,9033.00,588048.30
2021-09-02,65.10,66.00,65.00,65.00,14256.00,926640.00
2021-09-03,65.00,65.40,65.00,65.40,13000.00,850200.00
2021-09-06,65.00,65.00,65.00,65.00,10000.00,650000.00
2021-09-07,65.00,65.00,65.00,65.00,11794.00,766610.00
2021-09-08,65.00,65.00,65.00,65.00,12003.00,780195.00
2021-09-09,65.00,65.00,64.30,64.30,33100.00,2128330.00
2021-09-10,64.30,64.30,63.70,64.00,20200.00,1292800.00
2021-09-13,63.30,63.40,63.00,63.00,15028.00,946764.00
2021-09-14,64.20,64.20,62.70,63.00,10000.00,630000.00
2021-09-15,64.00,64.00,62.80,63.70,8000.00,509600.00
2021-09-16,62.80,62.90,62.40,62.40,6002.00,374524.80
2021-09-17,62.40,64.80,62.40,62.70,31102.00,1950095.40
2021-09-22,62.50,62.50,61.90,62.00,27080.00,1678960.00
2021-09-23,61.70,62.00,61.50,61.50,15172.00,933078.00
2021-09-24,62.00,62.20,61.80,62.20,7532.00,468490.40
2021-09-27,62.50,62.50,62.50,62.50,1050.00,65625.00
2021-09-29,62.50,62.50,62.40,62.40,6000.00,374400.00
2021-10-01,61.50,63.30,61.40,61.50,15239.00,937198.50
2021-10-04,61.10,61.90,60.60,61.50,18000.00,1107000.00
2021-10-05,61.50,61.50,61.40,61.40,2001.00,122861.40
2021-10-06,61.40,61.40,61.40,61.40,2000.00,122800.00
2021-10-07,61.90,62.40,61.90,62.40,17101.00,1067102.40
2021-10-08,62.00,62.00,62.00,62.00,1132.00,70184.00
2021-10-12,62.00,62.50,61.90,61.90,9081.00,562113.90
2021-10-13,62.00,62.20,62.00,62.20,4020.00,250044.00
2021-10-14,62.70,62.70,62.70,62.70,1011.00,63389.70
2021-10-18,63.30,63.50,63.30,63.50,3000.00,190500.00
2021-10-19,63.70,64.00,63.60,63.90,8001.00,511263.90
2021-10-20,63.90,63.90,63.50,63.50,18041.00,1145603.50
2021-10-21,63.00,63.50,63.00,63.10,10053.00,634344.30
2021-10-22,0.00,0.00,0.00,0.00,1.00,0.00
2021-10-25,63.10,63.10,63.10,63.10,1010.00,63731.00
2021-10-26,63.70,64.50,63.70,64.50,10000.00,645000.00
2021-10-27,64.90,64.90,63.20,63.50,4133.00,262445.50
2021-10-28,0.00,0.00,0.00,0.00,1214.00,0.00
2021-10-29,63.60,63.60,63.50,63.50,7332.00,465582.00
2021-11-01,64.00,64.00,64.00,64.00,1162.00,74368.00
2021-11-02,64.00,64.00,64.00,64.00,1000.00,64000.00
2021-11-03,64.00,64.00,64.00,64.00,3000.00,192000.00
2021-11-04,63.80,64.20,63.80,64.00,22698.00,1452672.00
2021-11-08,62.30,62.60,62.30,62.60,2012.00,125951.20
2021-11-09,64.10,64.10,64.10,64.10,1112.00,71279.20
2021-11-10,63.50,63.50,63.50,63.50,5030.00,319405.00
2021-11-11,63.10,63.10,62.20,62.80,10540.00,661912.00
2021-11-12,62.20,62.50,62.10,62.50,8050.00,503125.00
2021-11-15,61.80,62.40,61.80,62.40,13193.00,823243.20
2021-11-17,63.00,63.00,62.30,62.30,15203.00,947146.90
2021-11-18,62.30,63.10,62.30,62.30,29678.00,1848939.40
2021-11-19,62.50,62.50,62.50,62.50,10050.00,628125.00
2021-11-22,62.50,62.50,62.50,62.50,1000.00,62500.00
2021-11-23,62.50,62.50,62.50,62.50,10010.00,625625.00
2021-11-24,62.90,62.90,62.90,62.90,1064.00,66925.60
2021-11-25,0.00,0.00,0.00,0.00,89.00,0.00
2021-11-26,62.50,62.50,61.70,61.70,11000.00,678700.00
2021-11-29,61.60,61.90,61.60,61.90,3030.00,187557.00
2021-11-30,62.30,62.30,61.50,61.50,3000.00,184500.00
2021-12-01,62.30,62.30,62.30,62.30,7003.00,436286.90
2021-12-02,61.50,61.50,61.50,61.50,10020.00,616230.00
2021-12-06,63.30,63.30,61.30,61.30,24000.00,1471200.00
2021-12-07,0.00,0.00,0.00,0.00,86.00,0.00
2021-12-08,62.00,62.00,62.00,62.00,17175.00,1064850.00
2021-12-09,63.10,63.10,62.10,62.10,3235.00,200893.50
2021-12-10,63.00,63.00,62.80,62.80,2000.00,125600.00
2021-12-13,0.00,0.00,0.00,0.00,202.00,0.00
2021-12-14,0.00,0.00,0.00,0.00,16.00,0.00
2021-12-15,63.00,63.00,63.00,63.00,2206.00,138978.00
2021-12-16,63.00,63.10,61.50,62.80,34136.00,2143740.80
2021-12-17,61.90,62.70,61.80,62.70,5035.00,315694.50
2021-12-20,61.60,62.70,61.60,61.60,4040.00,248864.00
2021-12-21,63.30,63.40,61.60,62.80,20000.00,1256000.00
2021-12-22,62.90,62.90,62.40,62.40,2101.00,131102.40
2021-12-24,62.90,63.30,61.30,62.70,32121.00,2013986.70
2021-12-27,62.80,63.20,62.80,63.20,24113.00,1523941.60
2021-12-28,63.20,63.90,63.20,63.80,10013.00,638829.40
2021-12-29,63.80,63.80,63.80,63.80,3030.00,193314.00
2021-12-30,64.20,64.20,62.60,63.60,5000.00,318000.00
2022-01-03,62.60,63.70,62.60,63.70,2110.00,134407.00
2022-01-05,62.40,63.20,62.20,63.20,5070.00,320424.00
2022-01-06,62.10,62.10,62.10,62.10,1150.00,71415.00
2022-01-07,63.30,63.30,62.30,62.30,2000.00,124600.00
2022-01-11,61.60,62.30,61.60,62.30,3000.00,186900.00
2022-01-13,61.50,61.50,61.50,61.50,3356.00,206394.00
2022-01-14,61.70,61.70,61.70,61.70,2020.00,124634.00
2022-01-17,61.50,61.50,61.50,61.50,2300.00,141450.00
2022-01-18,61.80,61.80,61.80,61.80,2069.00,127864.20
2022-01-19,61.20,62.30,61.10,61.70,10000.00,617000.00
2022-01-20,62.30,62.30,62.10,62.30,12000.00,747600.00
2022-01-21,61.10,61.20,61.00,61.00,9045.00,551745.00
2022-01-24,60.10,60.10,60.10,60.10,1000.00,60100.00
2022-01-25,59.20,60.00,59.20,60.00,18398.00,1103880.00
2022-02-08,61.10,61.10,61.00,61.00,3044.00,185684.00
2022-02-09,0.00,0.00,0.00,0.00,1.00,0.00
2022-02-10,60.50,61.00,60.40,61.00,3000.00,183000.00
2022-02-11,60.30,60.90,60.10,60.70,20001.00,1214060.70
2022-02-14,0.00,0.00,0.00,0.00,4.00,0.00
2022-02-15,60.80,60.80,60.30,60.50,6005.00,363302.50
2022-02-16,60.60,60.60,60.60,60.60,1000.00,60600.00
2022-02-17,0.00,0.00,0.00,0.00,21.00,0.00
2022-02-18,60.50,60.50,60.00,60.00,3124.00,187440.00
2022-02-21,59.20,59.20,59.20,59.20,1100.00,65120.00
2022-02-22,59.30,59.80,58.70,58.70,9103.00,534346.10
2022-02-23,58.90,59.90,58.80,59.90,3050.00,182695.00
2022-02-24,59.00,59.00,58.50,59.00,8000.00,472000.00
2022-02-25,59.00,59.00,58.60,58.60,3000.00,175800.00
2022-03-01,58.20,58.50,58.20,58.20,14241.00,828826.20
2022-03-02,58.20,58.20,58.00,58.00,5000.00,290000.00
2022-03-03,59.80,60.30,58.20,58.20,47156.00,2744479.20
2022-03-04,58.20,58.70,58.20,58.70,2010.00,117987.00
2022-03-07,58.00,58.00,56.70,57.00,12000.00,684000.00
2022-03-08,56.50,57.00,53.90,54.30,16205.00,879931.50
2022-03-09,55.40,55.80,55.00,55.00,24447.00,1344585.00
2022-03-10,55.20,56.40,55.10,55.60,5004.00,278222.40
2022-03-11,55.60,56.10,55.00,55.50,7075.00,392662.50
2022-03-14,55.70,55.70,55.70,55.70,1350.00,75195.00
2022-03-15,55.70,55.70,55.70,55.70,1082.00,60267.40
2022-03-16,55.80,56.90,55.50,56.00,4000.00,224000.00
2022-03-18,56.00,57.40,55.80,55.80,5000.00,279000.00
2022-03-21,55.80,56.10,55.80,56.10,4000.00,224400.00
2022-03-22,56.10,56.10,55.80,55.80,6000.00,334800.00
2022-03-23,55.80,56.30,55.80,56.30,14000.00,788200.00
2022-03-24,56.00,56.00,55.80,55.80,6019.00,335860.20
2022-03-25,0.00,0.00,0.00,0.00,907.00,0.00
2022-03-28,56.50,56.70,56.50,56.70,3200.00,181440.00
2022-03-29,56.00,56.00,56.00,56.00,2120.00,118720.00
2022-03-30,56.00,56.80,56.00,56.80,2000.00,113600.00
2022-03-31,56.00,56.00,56.00,56.00,1038.00,58128.00
2022-04-01,56.00,56.00,55.90,55.90,2011.00,112414.90
2022-04-06,55.80,55.80,55.80,55.80,6000.00,334800.00
2022-04-07,55.80,55.80,54.60,54.80,29010.00,1589748.00
2022-04-08,54.80,55.80,54.80,55.80,10000.00,558000.00
2022-04-11,55.10,55.10,55.00,55.00,4000.00,220000.00
2022-04-12,0.00,0.00,0.00,0.00,2.00,0.00
2022-04-13,0.00,0.00,0.00,0.00,20.00,0.00
2022-04-14,55.90,55.90,55.90,55.90,1080.00,60372.00
2022-04-15,55.90,56.00,55.90,55.90,15127.00,845599.30
2022-04-18,55.70,55.70,55.70,55.70,2033.00,113238.10
2022-04-20,55.70,56.00,55.70,56.00,2020.00,113120.00
2022-04-21,0.00,0.00,0.00,0.00,10.00,0.00
2022-04-22,54.40,55.60,54.40,55.60,5000.00,278000.00
2022-04-25,56.90,56.90,55.00,55.90,34001.00,1900655.90
2022-04-26,55.10,55.70,55.10,55.70,4000.00,222800.00
2022-04-27,55.70,55.70,55.00,55.40,25000.00,1385000.00
2022-04-28,56.00,56.00,56.00,56.00,2012.00,112672.00
2022-04-29,55.20,55.90,55.20,55.40,6000.00,332400.00
2022-05-03,55.50,55.50,55.50,55.50,2000.00,111000.00
2022-05-04,55.60,55.60,55.60,55.60,1014.00,56378.40
2022-05-06,55.50,56.50,55.50,56.40,8000.00,451200.00
2022-05-09,55.20,55.40,55.20,55.40,4000.00,221600.00
2022-05-10,55.40,55.40,55.40,55.40,2149.00,119054.60
2022-05-11,0.00,0.00,0.00,0.00,71.00,0.00
2022-05-12,55.40,55.40,55.40,55.40,2000.00,110800.00
2022-05-13,56.50,56.50,56.50,56.50,2000.00,113000.00
2022-05-16,0.00,0.00,0.00,0.00,70.00,0.00
2022-05-17,56.60,56.60,56.60,56.60,2000.00,113200.00
2022-05-18,56.50,56.60,56.10,56.10,20020.00,1123122.00
2022-05-19,55.20,55.80,55.20,55.80,12000.00,669600.00
2022-05-20,55.80,57.70,55.80,57.50,13049.00,750317.50
2022-05-24,0.00,0.00,0.00,0.00,20.00,0.00
2022-05-25,58.00,58.00,57.60,58.00,5416.00,314128.00
2022-05-26,58.90,58.90,58.80,58.90,3050.00,179645.00
2022-05-27,58.10,59.10,58.00,59.10,12008.00,709672.80
2022-05-30,57.10,59.50,57.10,59.20,14010.00,829392.00
2022-05-31,0.00,0.00,0.00,0.00,21.00,0.00
2022-06-01,59.40,59.40,59.40,59.40,1045.00,62073.00
2022-06-02,0.00,0.00,0.00,0.00,20.00,0.00
2022-06-06,57.50,58.10,56.50,58.00,10046.00,582668.00
2022-06-07,59.80,59.80,57.20,58.00,8001.00,464058.00
2022-06-08,58.00,58.00,58.00,58.00,1111.00,64438.00
2022-06-09,57.90,58.00,57.90,58.00,17000.00,986000.00
2022-06-10,58.00,58.00,58.00,58.00,1105.00,64090.00
2022-06-13,58.00,58.00,58.00,58.00,2000.00,116000.00
2022-06-14,57.00,58.00,55.20,55.30,25111.00,1388638.30
2022-06-15,57.10,57.80,55.80,57.50,59313.00,3410497.50
2022-06-16,56.50,57.30,56.50,57.30,2018.00,115631.40
2022-06-17,57.30,57.30,55.60,56.50,8000.00,452000.00
2022-06-20,56.80,56.80,56.80,56.80,1020.00,57936.00
2022-06-21,57.90,58.00,57.10,57.10,3120.00,178152.00
2022-06-22,57.90,58.30,57.30,57.30,28002.00,1604514.60
2022-06-23,57.80,58.30,57.80,57.80,17000.00,982600.00
2022-06-24,58.70,58.70,57.90,58.00,3043.00,176494.00
2022-06-27,58.60,59.30,58.60,59.00,20000.00,1180000.00
2022-06-28,58.90,58.90,58.90,58.90,1000.00,58900.00
2022-06-29,59.00,59.00,58.80,59.00,12000.00,708000.00
2022-06-30,57.30,58.70,57.30,58.70,8010.00,470187.00
2022-07-01,59.00,59.00,58.20,58.20,7000.00,407400.00
2022-07-04,56.20,58.90,56.20,58.90,10120.00,596068.00
2022-07-05,59.40,59.70,58.00,58.40,19000.00,1109600.00
2022-07-06,58.10,58.80,58.10,58.80,3008.00,176870.40
2022-07-08,59.10,59.10,58.60,58.60,17233.00,1009853.80
2022-07-11,59.30,59.30,58.70,58.70,9951.00,584123.70
2022-07-12,57.90,59.30,57.60,58.30,9551.00,556823.30
2022-07-13,58.30,59.10,58.30,58.50,13164.00,770094.00
2022-07-14,57.70,57.70,56.80,57.40,3030.00,173922.00
2022-07-15,58.00,58.00,58.00,58.00,1000.00,58000.00
2022-07-18,57.40,58.90,57.40,58.90,2003.00,117976.70
2022-07-19,58.90,58.90,58.90,58.90,6000.00,353400.00
2022-07-20,57.00,59.80,57.00,59.80,18596.00,1112040.80
2022-07-21,58.10,60.00,58.10,60.00,8000.00,480000.00
2022-07-22,60.80,60.80,60.00,60.00,2002.00,120120.00
2022-07-25,60.10,60.10,60.00,60.00,5001.00,300060.00
2022-07-26,58.70,62.00,58.70,62.00,17379.00,1077498.00
2022-07-27,62.50,62.50,60.50,60.50,2035.00,123117.50
2022-07-28,60.60,61.40,60.30,61.40,18098.00,1111217.20
2022-07-29,62.40,62.40,61.40,61.40,7050.00,432870.00
2022-08-01,59.50,60.40,59.50,60.40,2000.00,120800.00
2022-08-02,61.40,61.50,61.00,61.00,8010.00,488610.00
2022-08-03,61.00,61.30,61.00,61.30,7000.00,429100.00
2022-08-04,59.20,61.30,59.20,61.10,14005.00,855705.50
2022-08-05,61.10,61.10,61.10,61.10,5027.00,307149.70
2022-08-08,60.50,60.50,60.50,60.50,1101.00,66610.50
2022-08-09,61.40,61.50,61.40,61.50,2023.00,124414.50
2022-08-10,61.50,62.00,61.50,62.00,7020.00,435240.00
2022-08-11,61.50,62.00,60.40,60.40,19033.00,1149593.20
2022-08-12,0.00,0.00,0.00,0.00,1.00,0.00
2022-08-15,61.00,61.00,61.00,61.00,7000.00,427000.00
2022-08-16,59.20,59.20,59.20,59.20,1010.00,59792.00
2022-08-17,60.20,61.30,59.20,61.30,8060.00,494078.00
2022-08-18,61.90,61.90,60.80,60.80,6000.00,364800.00
2022-08-19,61.40,61.40,61.20,61.20,9593.00,587091.60
2022-08-22,62.00,62.00,61.30,61.40,3099.00,190278.60
2022-08-23,61.50,61.60,61.50,61.50,5134.00,315741.00
2022-08-24,61.50,61.50,61.50,61.50,4000.00,246000.00
2022-08-25,61.70,61.90,61.60,61.90,4003.00,247785.70
2022-08-26,63.90,63.90,61.90,61.90,13000.00,804700.00
2022-08-29,62.00,62.00,61.50,61.50,28002.00,1722123.00
2022-08-30,61.50,61.80,61.50,61.80,2000.00,123600.00
2022-08-31,61.80,61.80,61.80,61.80,2000.00,123600.00
2022-09-01,61.50,61.70,59.60,61.70,21028.00,1297427.60
2022-09-02,60.60,61.50,60.60,61.50,7004.00,430746.00
2022-09-05,61.50,61.50,61.40,61.40,7000.00,429800.00
2022-09-06,61.50,61.50,61.40,61.40,7680.00,471552.00
2022-09-07,61.50,61.50,61.40,61.40,9178.00,563529.20
2022-09-12,62.00,62.50,60.20,61.60,17004.00,1047446.40
2022-09-13,62.00,62.00,61.80,62.00,13000.00,806000.00
2022-09-14,60.10,62.00,60.10,61.90,12000.00,742800.00
2022-09-15,62.00,62.60,61.90,62.00,13000.00,806000.00
2022-09-16,62.00,62.00,61.70,61.70,16001.00,987261.70
2022-09-19,61.80,61.80,61.60,61.60,16020.00,986832.00
2022-09-21,62.20,62.40,62.20,62.40,2000.00,124800.00
2022-09-22,62.40,62.40,60.40,60.60,15034.00,911060.40
2022-09-23,61.20,61.40,61.20,61.40,3000.00,184200.00
2022-09-27,59.40,62.70,59.40,61.70,4030.00,248651.00
2022-09-28,61.10,62.80,60.90,61.00,15700.00,957700.00
2022-09-29,63.10,63.10,59.80,60.70,11008.00,668185.60
2022-09-30,62.80,62.80,62.80,62.80,1999.00,125537.20
2022-10-03,61.90,62.00,61.20,61.40,5298.00,325297.20
2022-10-04,61.50,61.50,61.50,61.50,2000.00,123000.00
2022-10-05,61.50,61.50,61.50,61.50,3056.00,187944.00
2022-10-06,60.30,60.30,60.30,60.30,1000.00,60300.00
2022-10-07,60.50,62.20,60.50,62.20,2016.00,125395.20
2022-10-11,63.10,63.10,62.80,62.90,5104.00,321041.60
2022-10-12,60.80,62.70,60.80,62.70,8241.00,516710.70
2022-10-13,61.30,61.60,61.20,61.20,20000.00,1224000.00
2022-10-14,61.50,61.50,61.50,61.50,5000.00,307500.00
2022-10-17,60.50,61.50,60.50,61.50,6050.00,372075.00
2022-10-18,61.60,64.50,61.60,63.20,28000.00,1769600.00
2022-10-19,64.70,64.70,60.30,60.50,71009.00,4296044.50
2022-10-20,60.70,61.80,60.30,60.60,39151.00,2372550.60
2022-10-21,62.10,62.10,62.10,62.10,1012.00,62845.20
2022-10-24,62.10,62.10,61.10,61.10,2001.00,122261.10
2022-10-25,60.50,62.00,60.50,61.20,10000.00,612000.00
2022-10-26,60.60,61.70,60.60,61.10,8000.00,488800.00
2022-10-27,62.80,62.80,62.00,62.00,2024.00,125488.00
2022-10-28,61.10,61.90,60.60,61.90,7010.00,433919.00
2022-10-31,61.70,61.70,61.40,61.60,3047.00,187695.20
2022-11-01,60.30,62.00,60.20,61.20,9140.00,559368.00
2022-11-02,60.90,61.50,60.90,61.50,4000.00,246000.00
2022-11-03,61.00,61.00,61.00,61.00,2000.00,122000.00
2022-11-04,60.20,61.10,60.20,60.90,7001.00,426360.90
2022-11-07,61.00,61.00,61.00,61.00,9000.00,549000.00
2022-11-08,61.00,61.00,61.00,61.00,3065.00,186965.00
2022-11-09,60.50,61.70,60.10,60.80,14025.00,852720.00
2022-11-10,60.90,61.00,60.90,61.00,4000.00,244000.00
2022-11-11,61.00,61.90,61.00,61.70,15100.00,931670.00
2022-11-14,62.30,62.30,60.40,61.80,5050.00,312090.00
2022-11-15,61.80,62.00,61.80,62.00,13000.00,806000.00
2022-11-16,60.60,61.80,60.60,61.60,15916.00,980425.60
2022-11-17,61.60,61.70,61.60,61.70,6020.00,371434.00
2022-11-18,60.70,61.70,60.70,61.70,2642.00,163011.40
2022-11-21,61.00,61.20,61.00,61.20,3025.00,185130.00
2022-11-22,61.40,61.40,61.40,61.40,1060.00,65084.00
2022-11-23,62.00,62.00,60.90,61.60,3038.00,187140.80
2022-11-24,61.70,62.00,61.20,62.00,9084.00,563208.00
2022-11-25,62.00,62.00,62.00,62.00,1346.00,83452.00
2022-11-28,0.00,0.00,0.00,0.00,95.00,0.00
2022-11-29,62.00,62.00,62.00,62.00,3300.00,204600.00
2022-11-30,62.10,62.10,62.00,62.10,4000.00,248400.00
2022-12-01,62.20,62.40,62.10,62.20,13121.00,816126.20
2022-12-02,62.30,62.30,62.30,62.30,1102.00,68654.60
2022-12-05,62.50,62.50,62.00,62.00,12132.00,752184.00
2022-12-06,62.70,62.70,61.70,61.70,25039.00,1544906.30
2022-12-07,61.40,61.40,61.40,61.40,1000.00,61400.00
2022-12-12,62.50,62.50,61.40,61.40,8000.00,491200.00
2022-12-13,61.30,61.50,61.10,61.50,3000.00,184500.00
2022-12-14,61.20,62.20,61.20,61.80,5000.00,309000.00
2022-12-15,61.80,61.80,61.80,61.80,2000.00,123600.00
2022-12-16,61.20,61.20,60.70,61.10,24011.00,1467072.10
2022-12-19,61.20,61.20,61.20,61.20,2025.00,123930.00
2022-12-20,61.00,61.40,61.00,61.40,3000.00,184200.00
2022-12-23,61.60,61.60,61.00,61.00,3000.00,183000.00
2022-12-26,61.80,61.80,60.60,61.70,9009.00,555855.30
2022-12-27,61.70,61.70,61.70,61.70,2511.00,154928.70
2022-12-28,61.80,61.80,61.80,61.80,2000.00,123600.00
2022-12-29,61.60,61.60,60.40,61.50,5502.00,338373.00
2022-12-30,61.60,61.60,61.60,61.60,1038.00,63940.80
2023-01-03,61.00,61.20,60.10,61.20,8025.00,491130.00
2023-01-04,61.60,61.60,60.70,60.70,2000.00,121400.00
2023-01-05,60.70,60.80,60.70,60.80,3026.00,183980.80
2023-01-06,61.60,61.60,61.50,61.50,2000.00,123000.00
2023-01-09,61.60,61.60,61.60,61.60,1014.00,62462.40
2023-01-10,61.60,61.70,61.60,61.70,6100.00,376370.00
2023-01-11,61.80,62.30,61.80,62.30,12045.00,750403.50
2023-01-12,62.00,62.00,62.00,62.00,3000.00,186000.00
2023-01-13,62.00,62.00,62.00,62.00,1002.00,62124.00
2023-01-16,62.90,62.90,62.90,62.90,1100.00,69190.00
2023-01-17,62.00,62.10,62.00,62.00,6026.00,373612.00
2023-01-30,62.00,62.80,61.80,61.80,18400.00,1137120.00
2023-01-31,62.70,62.70,61.80,62.40,6399.00,399297.60
2023-02-01,61.90,61.90,61.70,61.70,11082.00,683759.40
2023-02-02,61.70,61.70,61.70,61.70,1016.00,62687.20
2023-02-03,61.80,62.40,61.80,62.40,3000.00,187200.00
2023-02-06,61.30,62.00,61.30,62.00,2354.00,145948.00
2023-02-07,61.70,61.70,61.50,61.50,2000.00,123000.00
2023-02-08,62.40,62.60,61.20,61.50,8056.00,495444.00
2023-02-09,61.80,61.80,61.80,61.80,1000.00,61800.00
2023-02-13,61.20,61.90,61.10,61.90,7000.00,433300.00
2023-02-14,62.00,62.00,62.00,62.00,1083.00,67146.00
2023-02-15,62.00,62.00,62.00,62.00,1000.00,62000.00
2023-02-16,62.30,62.30,60.50,61.20,13239.00,810226.80
2023-02-17,61.20,62.10,61.20,62.10,4050.00,251505.00
2023-02-20,61.90,62.00,61.90,62.00,3227.00,200074.00
2023-02-21,62.70,62.70,61.40,61.40,7120.00,437168.00
2023-02-22,62.00,62.30,61.30,62.00,19022.00,1179364.00
2023-02-23,62.00,62.50,62.00,62.30,12100.00,753830.00
2023-02-24,62.00,62.00,61.90,61.90,5010.00,310119.00
2023-03-01,61.90,61.90,61.90,61.90,1011.00,62580.90
2023-03-02,62.00,62.10,62.00,62.10,5266.00,327018.60
2023-03-03,62.10,62.10,62.10,62.10,3765.00,233806.50
2023-03-06,0.00,0.00,0.00,0.00,54.00,0.00
2023-03-07,62.70,68.30,62.70,68.30,336067.00,22953376.10
2023-03-08,68.70,75.10,67.60,70.00,887174.00,62102180.00
2023-03-09,70.00,70.00,67.00,67.30,116242.00,7823086.60
2023-03-10,66.00,67.20,65.00,67.20,61754.00,4149868.80
2023-03-13,67.10,67.70,66.20,67.60,27612.00,1866571.20
2023-03-14,66.20,67.50,66.20,66.30,25020.00,1658826.00
2023-03-15,66.10,67.90,66.10,66.40,15121.00,1004034.40
2023-03-16,65.50,67.50,65.50,65.80,32236.00,2121128.80
2023-03-17,66.20,67.30,65.90,66.10,16021.00,1058988.10
2023-03-20,65.60,66.10,65.00,65.20,19100.00,1245320.00
2023-03-21,65.20,66.90,64.60,65.80,26029.00,1712708.20
2023-03-22,65.60,66.80,65.60,66.10,14443.00,954682.30
2023-03-23,66.50,67.20,66.50,66.50,18723.00,1245079.50
2023-03-24,66.60,68.30,66.60,67.70,26014.00,1761147.80
2023-03-27,68.10,68.20,67.60,68.00,11289.00,767652.00
2023-03-28,69.40,69.40,68.10,68.10,29242.00,1991380.20
2023-03-29,68.90,68.90,67.50,67.60,9779.00,661060.40
2023-03-30,68.50,68.50,67.90,67.90,10242.00,695431.80
2023-03-31,68.50,68.50,67.20,67.70,25000.00,1692500.00
2023-04-06,68.50,68.50,67.70,67.70,4092.00,277028.40
2023-04-07,67.70,68.50,67.60,68.30,11000.00,751300.00
2023-04-10,67.60,67.90,67.00,67.90,26010.00,1766079.00
2023-04-11,67.90,68.50,67.90,68.50,7280.00,498680.00
2023-04-12,67.60,68.30,67.60,67.70,11021.00,746121.70
2023-04-13,67.90,67.90,67.80,67.80,11100.00,752580.00
2023-04-14,68.70,68.70,68.00,68.30,14255.00,973616.50
2023-04-17,68.60,68.60,67.70,67.70,17091.00,1157060.70
2023-04-18,67.80,68.40,67.80,67.80,20155.00,1366509.00
2023-04-19,67.20,67.40,66.50,66.50,12105.00,804982.50
2023-04-20,66.30,66.90,66.30,66.60,6102.00,406393.20
2023-04-21,67.00,67.00,66.00,66.00,6000.00,396000.00
2023-04-24,66.00,66.10,66.00,66.10,6051.00,399971.10
2023-04-25,66.10,66.10,65.70,65.70,22010.00,1446057.00
2023-04-26,65.70,66.90,65.70,66.90,4000.00,267600.00
2023-04-27,66.50,66.50,66.50,66.50,2000.00,133000.00
2023-04-28,66.00,66.70,65.80,66.70,17050.00,1137235.00
2023-05-02,66.70,66.90,66.50,66.90,8058.00,539080.20
2023-05-03,66.30,66.30,66.30,66.30,1000.00,66300.00
2023-05-04,66.30,66.30,66.00,66.00,10022.00,661452.00
2023-05-05,66.00,66.60,66.00,66.30,7000.00,464100.00
2023-05-08,66.50,66.50,66.50,66.50,7001.00,465566.50
2023-05-09,66.50,66.50,66.10,66.10,2183.00,144296.30
2023-05-10,66.50,66.50,66.20,66.20,6000.00,397200.00
2023-05-11,66.10,66.50,66.00,66.50,13060.00,868490.00
2023-05-12,65.60,65.60,65.60,65.60,1000.00,65600.00
2023-05-15,66.20,66.20,65.40,65.40,2000.00,130800.00
2023-05-16,66.70,66.70,65.60,66.60,10000.00,666000.00
2023-05-17,66.40,71.90,66.40,68.60,50002.00,3430137.20
2023-05-18,69.10,69.10,68.60,69.00,15177.00,1047213.00
2023-05-19,69.60,69.60,69.10,69.10,16140.00,1115274.00
2023-05-22,68.90,68.90,68.50,68.50,6044.00,414014.00
2023-05-23,69.00,69.00,68.60,68.70,6117.00,420237.90
2023-05-24,68.70,69.50,68.40,69.50,10009.00,695625.50
2023-05-25,68.70,68.70,68.20,68.40,15021.00,1027436.40
2023-05-26,68.40,69.30,68.10,68.70,10122.00,695381.40
2023-05-29,68.70,68.70,68.70,68.70,1005.00,69043.50
2023-05-30,69.40,69.40,68.70,68.70,9030.00,620361.00
2023-05-31,68.80,68.80,68.70,68.70,8217.00,564507.90
2023-06-01,68.30,68.70,68.30,68.70,2112.00,145094.40
2023-06-02,68.70,69.30,68.60,68.60,10085.00,691831.00
2023-06-05,69.50,69.50,69.50,69.50,2229.00,154915.50
2023-06-06,69.50,69.50,69.10,69.50,6131.00,426104.50
2023-06-07,69.60,69.60,69.20,69.20,3730.00,258116.00
2023-06-08,69.20,69.20,68.50,68.50,3021.00,206938.50
2023-06-09,68.50,69.70,68.50,68.60,10311.00,707334.60
2023-06-12,68.70,70.40,68.60,70.00,19075.00,1335250.00
2023-06-13,70.40,70.50,69.50,69.50,7253.00,504083.50
2023-06-14,70.50,71.00,70.10,70.20,19000.00,1333800.00
2023-06-15,71.40,71.50,70.20,71.50,44366.00,3172169.00
2023-06-16,71.90,71.90,71.20,71.20,10092.00,718550.40
2023-06-19,70.10,70.80,69.80,70.70,18468.00,1305687.60
2023-06-20,70.70,70.70,69.80,70.60,5057.00,357024.20
2023-06-21,70.90,72.00,70.00,72.00,30080.00,2165760.00
2023-06-26,72.00,72.00,72.00,72.00,5193.00,373896.00
2023-06-27,70.50,71.70,70.50,71.70,5140.00,368538.00
2023-06-28,70.30,72.20,70.30,71.10,42238.00,3003121.80
2023-06-29,72.10,72.10,70.60,70.60,84103.00,5937671.80
2023-06-30,71.30,71.30,70.00,70.00,17000.00,1190000.00
2023-07-03,70.00,70.60,69.90,69.90,36000.00,2516400.00
2023-07-04,70.20,70.20,69.60,69.90,34615.00,2419588.50
2023-07-05,71.00,71.00,70.10,70.10,37605.00,2636110.50
2023-07-06,70.90,70.90,69.60,69.60,12108.00,842716.80
2023-07-07,69.10,69.50,69.00,69.50,32381.00,2250479.50
2023-07-10,70.40,70.40,69.70,69.70,43000.00,2997100.00
2023-07-11,70.30,71.00,70.00,70.90,42200.00,2991980.00
2023-07-12,70.20,71.10,70.20,71.00,8010.00,568710.00
2023-07-13,71.60,71.60,71.30,71.30,3787.00,270013.10
2023-07-14,70.70,71.80,70.70,71.60,4308.00,308452.80
2023-07-17,72.00,72.00,71.50,71.50,9010.00,644215.00
2023-07-18,70.70,70.70,70.50,70.60,14400.00,1016640.00
2023-07-19,71.80,71.80,70.30,70.30,8239.00,579201.70
2023-07-20,69.50,70.70,69.00,70.20,27061.00,1899682.20
2023-07-21,69.60,70.90,69.50,70.40,8000.00,563200.00
2023-07-24,69.60,70.70,69.60,70.60,4165.00,294049.00
2023-07-25,70.50,70.50,69.10,69.20,23010.00,1592292.00
2023-07-26,68.80,70.10,68.80,69.10,10280.00,710348.00
2023-07-27,69.80,69.80,69.30,69.30,6010.00,416493.00
2023-07-28,69.30,69.90,69.20,69.20,4385.00,303442.00
2023-07-31,69.30,69.90,69.30,69.60,13181.00,917397.60
2023-08-01,70.00,70.00,69.90,70.00,4000.00,280000.00
2023-08-02,69.50,69.70,69.50,69.50,3000.00,208500.00
2023-08-04,69.90,69.90,69.90,69.90,1008.00,70459.20
2023-08-07,70.10,70.10,69.60,70.00,11124.00,778680.00
2023-08-08,69.70,70.10,69.40,69.60,15487.00,1077895.20
2023-08-09,69.60,69.70,69.60,69.70,5783.00,403075.10
2023-08-10,67.00,67.00,66.80,66.80,3187.00,212891.60
2023-08-11,66.60,67.20,65.80,65.80,20282.00,1334555.60
2023-08-14,65.80,65.80,64.80,64.80,4156.00,269308.80
2023-08-15,64.10,65.00,64.10,64.20,24613.00,1580154.60
2023-08-16,63.60,64.50,63.00,63.30,16051.00,1016028.30
2023-08-17,63.50,63.60,62.90,63.40,6022.00,381794.80
2023-08-18,63.60,63.60,62.80,63.50,5000.00,317500.00
2023-08-21,63.90,64.00,63.30,63.90,6069.00,387809.10
2023-08-22,63.90,64.00,63.90,64.00,7000.00,448000.00
2023-08-23,64.40,64.40,64.20,64.20,4000.00,256800.00
2023-08-24,64.70,64.70,63.50,64.30,5050.00,324715.00
2023-08-25,64.30,64.30,64.00,64.00,2006.00,128384.00
2023-08-28,64.10,64.10,63.50,63.50,2399.00,152336.50
2023-08-29,64.20,64.20,63.10,63.10,4399.00,277576.90
2023-08-30,63.90,63.90,63.30,63.30,4000.00,253200.00
2023-08-31,64.30,64.40,64.00,64.20,8001.00,513664.20
2023-09-01,64.90,64.90,64.10,64.10,10001.00,641064.10
2023-09-04,0.00,0.00,0.00,0.00,5.00,0.00
2023-09-05,65.40,65.40,63.10,63.10,18149.00,1145201.90
2023-09-07,63.20,63.20,61.80,62.30,24050.00,1498315.00
2023-09-08,62.40,62.40,62.40,62.40,1018.00,63523.20
2023-09-11,63.00,63.20,63.00,63.00,10000.00,630000.00
2023-09-12,63.00,63.00,63.00,63.00,1000.00,63000.00
2023-09-13,63.10,63.10,63.00,63.00,2000.00,126000.00
2023-09-14,63.30,63.40,63.10,63.10,4000.00,252400.00
2023-09-15,63.10,63.50,62.70,62.90,5226.00,328715.40
2023-09-18,62.50,62.90,62.20,62.60,5020.00,314252.00
2023-09-19,63.00,63.00,61.70,62.30,5005.00,311811.50
2023-09-20,62.00,62.40,61.90,62.40,3000.00,187200.00
2023-09-21,62.40,62.60,61.30,62.60,9001.00,563462.60
2023-09-22,62.10,62.10,62.00,62.00,2000.00,124000.00
2023-09-25,62.80,62.90,62.80,62.90,5000.00,314500.00
2023-09-26,62.60,63.00,61.60,63.00,9010.00,567630.00
2023-09-27,63.10,63.10,63.10,63.10,1001.00,63163.10
2023-09-28,63.00,63.00,62.30,62.50,4000.00,250000.00
2023-10-02,62.80,62.80,62.80,62.80,1000.00,62800.00
2023-10-03,62.50,62.50,62.40,62.40,4000.00,249600.00
2023-10-04,62.10,62.10,61.70,61.70,3007.00,185531.90
2023-10-05,62.80,62.90,62.10,62.90,4000.00,251600.00
2023-10-11,63.20,63.20,62.40,62.80,14000.00,879200.00
2023-10-12,62.80,63.30,62.80,63.30,6000.00,379800.00
2023-10-13,63.30,63.30,63.30,63.30,1000.00,63300.00
2023-10-16,63.80,63.80,63.80,63.80,1000.00,63800.00
2023-10-17,63.50,63.50,63.50,63.50,2257.00,143319.50
2023-10-18,63.50,63.50,63.50,63.50,1062.00,67437.00
2023-10-19,64.00,64.00,62.90,62.90,2000.00,125800.00
2023-10-20,63.00,63.00,62.40,62.40,9000.00,561600.00
2023-10-23,62.40,62.40,62.40,62.40,1041.00,64958.40
2023-10-24,63.00,63.00,63.00,63.00,1000.00,63000.00
2023-10-25,63.20,63.20,63.20,63.20,1003.00,63389.60
2023-10-26,63.00,63.00,62.00,62.00,4025.00,249550.00
2023-10-27,62.40,62.40,62.40,62.40,1006.00,62774.40
2023-10-30,62.40,62.40,62.00,62.00,4000.00,248000.00
2023-10-31,61.90,62.60,61.90,62.60,3008.00,188300.80
2023-11-01,62.60,62.60,62.60,62.60,1000.00,62600.00
2023-11-02,62.50,62.50,62.50,62.50,1125.00,70312.50
2023-11-03,62.50,62.50,62.50,62.50,1037.00,64812.50
2023-11-06,62.50,62.90,62.50,62.70,9025.00,565867.50
2023-11-07,63.00,63.00,63.00,63.00,5033.00,317079.00
2023-11-08,63.90,63.90,63.10,63.50,4026.00,255651.00
2023-11-09,63.50,63.50,63.50,63.50,1075.00,68262.50
2023-11-10,63.60,63.60,63.60,63.60,6062.00,385543.20
2023-11-13,64.00,64.00,63.80,63.80,6020.00,384076.00
2023-11-14,63.00,63.60,62.60,63.40,12071.00,765301.40
2023-11-15,63.90,63.90,63.70,63.70,2330.00,148421.00
2023-11-16,63.00,63.30,63.00,63.30,2328.00,147362.40
2023-11-17,63.70,63.70,63.70,63.70,6217.00,396022.90
2023-11-20,63.90,64.50,63.90,64.50,14777.00,953116.50
2023-11-21,64.50,66.10,64.50,65.70,18487.00,1214595.90
2023-11-22,65.70,65.70,65.70,65.70,1005.00,66028.50
2023-11-23,65.70,66.10,65.70,66.10,13058.00,863133.80
2023-11-24,65.50,65.50,65.20,65.50,4375.00,286562.50
2023-11-27,65.60,65.60,65.60,65.60,1000.00,65600.00
2023-11-28,65.10,65.70,65.10,65.70,4080.00,268056.00
2023-11-29,65.70,65.70,65.70,65.70,1235.00,81139.50
2023-11-30,67.40,67.40,65.60,66.20,11028.00,730053.60
2023-12-01,66.20,66.50,66.20,66.50,16046.00,1067059.00
2023-12-04,66.50,67.50,66.30,66.30,22266.00,1476235.80
2023-12-05,66.80,66.80,66.80,66.80,1000.00,66800.00
2023-12-06,66.80,66.80,66.80,66.80,2200.00,146960.00
2023-12-07,66.80,66.80,66.50,66.50,6033.00,401194.50
2023-12-08,66.60,66.60,66.00,66.60,6433.00,428437.80
2023-12-11,67.00,67.00,66.50,66.80,15638.00,1044618.40
2023-12-12,67.50,67.50,65.20,66.40,22000.00,1460800.00
2023-12-13,67.00,67.00,67.00,67.00,1000.00,67000.00
2023-12-14,67.00,67.00,66.80,66.80,2110.00,140948.00
2023-12-15,67.00,68.00,66.60,66.60,40283.00,2682847.80
2023-12-18,66.80,66.80,66.80,66.80,1055.00,70474.00
2023-12-19,66.90,66.90,66.90,66.90,1000.00,66900.00
2023-12-20,66.30,66.80,66.20,66.80,3041.00,203138.80
2023-12-21,66.30,66.30,66.10,66.10,5835.00,385693.50
2023-12-22,66.00,66.80,66.00,66.20,7100.00,470020.00
2023-12-25,66.30,66.30,66.30,66.30,1001.00,66366.30
2023-12-26,66.00,66.90,66.00,66.90,8358.00,559150.20
2023-12-27,67.00,67.00,67.00,67.00,4276.00,286492.00
2023-12-28,67.40,67.50,67.00,67.50,9710.00,655425.00
2023-12-29,66.40,67.50,66.40,67.50,9010.00,608175.00
2024-01-02,66.50,67.10,66.50,67.10,4065.00,272761.50
2024-01-03,66.60,66.90,66.50,66.80,5000.00,334000.00
2024-01-04,66.80,66.80,66.80,66.80,1050.00,70140.00
2024-01-05,66.40,66.80,66.30,66.30,7000.00,464100.00
2024-01-08,66.10,66.90,66.10,66.90,2957.00,197823.30
2024-01-09,66.20,66.20,66.20,66.20,3143.00,208066.60
2024-01-10,66.50,66.50,66.50,66.50,1160.00,77140.00
2024-01-11,66.50,67.40,66.50,67.40,10000.00,674000.00
2024-01-12,66.20,67.40,66.10,67.40,6000.00,404400.00
2024-01-15,66.30,67.90,66.30,67.70,10022.00,678489.40
2024-01-16,68.00,68.00,66.70,66.80,15001.00,1002066.80
2024-01-17,66.10,67.10,65.90,66.20,17000.00,1125400.00
2024-01-18,66.80,66.80,65.80,66.40,8280.00,549792.00
2024-01-19,65.50,66.50,65.40,66.40,11070.00,735048.00
2024-01-22,66.00,66.10,66.00,66.10,2060.00,136166.00
2024-01-23,66.10,66.10,66.10,66.10,1061.00,70132.10
2024-01-24,66.10,66.10,65.50,65.50,6080.00,398240.00
2024-01-25,66.70,66.70,65.90,66.00,9167.00,605022.00
2024-01-26,66.00,66.00,66.00,66.00,1000.00,66000.00
2024-01-29,66.30,66.30,66.30,66.30,6028.00,399656.40
2024-01-30,66.30,66.40,66.20,66.20,16000.00,1059200.00
2024-01-31,66.30,66.30,66.30,66.30,1000.00,66300.00
2024-02-01,67.00,67.00,66.50,66.80,7011.00,468334.80
2024-02-02,67.00,67.40,66.40,66.90,8054.00,538812.60
2024-02-05,66.60,67.50,66.60,66.60,10042.00,668797.20
2024-02-15,66.50,67.50,66.30,67.40,13085.00,881929.00
2024-02-16,67.90,68.30,67.90,68.30,12300.00,840090.00
2024-02-19,68.30,68.60,68.00,68.00,5436.00,369648.00
2024-02-20,68.60,68.60,68.60,68.60,1218.00,83554.80
2024-02-21,69.80,70.90,69.80,70.50,30240.00,2131920.00
2024-02-22,70.50,71.00,70.50,70.90,10773.00,763805.70
2024-02-23,70.00,70.60,70.00,70.20,6178.00,433695.60
2024-02-26,69.70,69.80,69.60,69.80,10093.00,704491.40
2024-02-27,70.20,70.60,69.90,69.90,11153.00,779594.70
2024-02-29,70.00,71.20,70.00,71.20,10030.00,714136.00
2024-03-01,70.30,71.10,70.20,70.40,7009.00,493433.60
2024-03-04,71.00,71.50,70.60,70.60,24576.00,1735065.60
2024-03-05,71.00,71.00,71.00,71.00,12194.00,865774.00
2024-03-06,71.00,71.00,71.00,71.00,3000.00,213000.00
2024-03-07,71.50,74.00,71.50,73.10,91398.00,6681193.80
2024-03-08,73.10,75.60,73.10,73.20,72177.00,5283356.40
2024-03-11,73.30,74.90,73.00,73.90,27751.00,2050798.90
2024-03-12,73.90,77.90,73.90,75.50,44826.00,3384363.00
2024-03-13,75.40,76.60,75.40,76.30,33522.00,2557728.60
2024-03-14,77.40,77.50,75.60,75.90,58498.00,4439998.20
2024-03-15,75.70,75.90,75.70,75.90,9431.00,715812.90
2024-03-18,76.90,76.90,75.70,76.10,13787.00,1049190.70
2024-03-19,76.10,76.90,76.00,76.20,10155.00,773811.00
2024-03-20,76.10,76.70,75.30,75.30,32772.00,2467731.60
2024-03-21,76.40,77.40,76.10,76.60,39698.00,3040866.80
2024-03-22,76.40,76.40,75.60,75.80,30571.00,2317281.80
2024-03-25,75.70,77.50,75.30,77.00,59457.00,4578189.00
2024-03-26,77.80,79.80,75.80,75.80,205765.00,15596987.00
2024-03-27,76.20,77.50,76.20,76.90,70225.00,5400302.50
2024-03-28,77.80,77.80,76.30,76.90,33149.00,2549158.10
2024-03-29,77.80,77.90,76.00,76.10,31006.00,2359556.60
2024-04-01,76.10,76.50,75.60,75.80,59956.00,4544664.80
2024-04-02,75.80,76.50,75.30,75.30,61121.00,4602411.30
2024-04-03,75.60,76.40,75.60,76.40,17202.00,1314232.80
2024-04-08,77.10,77.10,76.00,76.70,39228.00,3008787.60
2024-04-09,77.10,77.10,76.30,76.70,56155.00,4307088.50
2024-04-10,76.70,77.90,76.40,76.50,84351.00,6452851.50
2024-04-11,76.00,76.60,75.70,75.80,31159.00,2361852.20
2024-04-12,75.80,77.00,75.70,75.80,42239.00,3201716.20
2024-04-15,75.80,75.90,74.50,75.00,30314.00,2273550.00
2024-04-16,75.20,75.20,72.00,72.10,54788.00,3950214.80
2024-04-17,72.00,72.80,72.00,72.60,15153.00,1100107.80
2024-04-18,72.20,74.00,72.20,74.00,21006.00,1554444.00
2024-04-19,72.30,73.80,70.00,72.10,111161.00,8014708.10
2024-04-22,72.10,72.10,70.00,70.30,89023.00,6258316.90
2024-04-23,71.90,71.90,70.50,70.60,38050.00,2686330.00
2024-04-24,71.40,72.50,71.00,71.70,86000.00,6166200.00
2024-04-25,70.50,71.90,70.50,71.90,54000.00,3882600.00
2024-04-26,72.40,72.40,71.20,71.30,68823.00,4907079.90
2024-04-29,71.80,72.80,71.70,72.80,84319.00,6138423.20
2024-04-30,72.80,73.70,72.80,73.70,47340.00,3488958.00
2024-05-02,73.50,74.30,72.60,74.00,36167.00,2676358.00
2024-05-03,74.20,74.80,74.00,74.20,52392.00,3887486.40
2024-05-06,75.00,75.40,74.30,74.80,33527.00,2507819.60
2024-05-07,75.40,75.40,74.30,74.50,31041.00,2312554.50
2024-05-08,74.70,74.80,74.50,74.50,13033.00,970958.50
2024-05-09,74.00,74.00,73.00,73.10,25171.00,1840000.10
2024-05-10,73.20,73.20,72.90,73.00,22215.00,1621695.00
2024-05-13,73.00,73.40,72.20,73.00,16018.00,1169314.00
2024-05-14,73.40,73.50,73.00,73.00,11100.00,810300.00
2024-05-15,72.40,73.50,72.40,73.50,14233.00,1046125.50
2024-05-16,73.70,73.70,72.80,73.50,33279.00,2446006.50
2024-05-17,73.50,73.80,73.50,73.60,4000.00,294400.00
2024-05-20,74.60,74.60,72.70,73.40,29675.00,2178145.00
2024-05-21,73.40,73.40,73.40,73.40,3164.00,232237.60
2024-05-22,73.50,74.30,73.50,74.30,17263.00,1282640.90
2024-05-23,74.30,74.30,73.00,73.00,43125.00,3148125.00
2024-05-24,72.40,72.80,72.10,72.30,15619.00,1129253.70
2024-05-27,72.20,72.20,71.50,71.80,24191.00,1736913.80
2024-05-28,71.20,72.40,71.20,72.10,45245.00,3262164.50
2024-05-29,72.00,72.00,71.80,71.80,6076.00,436256.80
2024-05-30,72.20,72.20,72.20,72.20,1043.00,75304.60
2024-05-31,72.10,72.60,71.70,72.10,38042.00,2742828.20
2024-06-03,72.50,72.50,72.10,72.30,5141.00,371694.30
2024-06-04,72.30,72.30,71.70,71.80,12388.00,889458.40
2024-06-05,72.40,72.40,71.10,71.20,57660.00,4105392.00
2024-06-06,72.30,72.30,71.00,71.40,9813.00,700648.20
2024-06-07,71.40,71.70,70.30,70.40,40525.00,2852960.00
2024-06-11,70.90,70.90,69.20,69.40,37581.00,2608121.40
2024-06-12,69.40,70.00,68.80,69.50,23001.00,1598569.50
2024-06-13,70.30,70.30,69.10,69.10,26642.00,1840962.20
2024-06-14,68.80,68.90,68.80,68.90,3138.00,216208.20
2024-06-17,68.90,69.90,68.60,69.30,69014.00,4782670.20
2024-06-18,69.30,69.30,68.00,68.30,67073.00,4581085.90
2024-06-19,68.00,69.20,68.00,69.20,78890.00,5459188.00
2024-06-20,69.20,69.40,68.70,69.40,39471.00,2739287.40
2024-06-21,68.50,69.40,68.30,69.40,11787.00,818017.80
2024-06-24,69.70,69.70,68.80,69.50,11101.00,771519.50
2024-06-25,69.90,69.90,68.60,68.60,32396.00,2222365.60
2024-06-26,68.50,70.00,68.40,69.40,43188.00,2997247.20
2024-06-27,68.80,68.90,67.80,67.80,64662.00,4384083.60
2024-06-28,68.30,68.50,68.00,68.20,6228.00,424749.60
2024-07-01,68.40,68.80,68.10,68.10,12130.00,826053.00
2024-07-02,68.60,68.60,68.00,68.10,7268.00,494950.80
2024-07-03,68.20,68.90,68.20,68.60,44250.00,3035550.00
2024-07-04,69.00,69.40,68.60,69.20,19140.00,1324488.00
2024-07-05,69.20,71.00,69.00,71.00,46344.00,3290424.00
2024-07-08,71.50,71.70,70.20,70.60,34353.00,2425321.80
2024-07-09,70.30,70.30,70.00,70.00,10000.00,700000.00
2024-07-10,70.00,70.40,70.00,70.40,17832.00,1255372.80
2024-07-11,71.00,71.70,70.00,70.70,118613.00,8385939.10
2024-07-12,70.70,70.70,69.80,70.00,49315.00,3452050.00
2024-07-15,70.20,70.60,69.70,69.80,16482.00,1150443.60
2024-07-16,70.80,71.50,69.40,69.50,111138.00,7724091.00
2024-07-17,70.30,70.40,68.50,68.50,132158.00,9052823.00
2024-07-18,69.50,69.90,67.80,67.80,151131.00,10246681.80
2024-07-19,67.90,68.70,66.70,66.70,155220.00,10353174.00
2024-07-22,66.70,67.30,66.00,66.60,61474.00,4094168.40
2024-07-23,66.60,67.30,66.30,67.30,68114.00,4584072.20
2024-07-26,67.50,67.50,66.10,66.80,44713.00,2986828.40
2024-07-29,67.60,67.70,67.00,67.00,46353.00,3105651.00
2024-07-30,67.10,68.00,66.80,67.60,34903.00,2359442.80
2024-07-31,68.00,68.40,67.20,68.00,63409.00,4311812.00
2024-08-01,68.70,70.30,68.30,70.10,70079.00,4912537.90
2024-08-02,70.10,70.10,69.00,69.30,105421.00,7305675.30
2024-08-05,69.30,69.30,63.00,64.20,124369.00,7984489.80
2024-08-06,64.20,65.30,64.00,64.80,50556.00,3276028.80
2024-08-07,65.50,67.20,65.50,67.00,68269.00,4574023.00
2024-08-08,66.90,67.00,66.20,66.50,25566.00,1700139.00
2024-08-09,65.80,68.00,65.80,68.00,95574.00,6499032.00
2024-08-12,68.30,68.90,68.10,68.30,76244.00,5207465.20
2024-08-13,68.50,69.00,68.50,68.80,99338.00,6834454.40
2024-08-14,68.80,69.50,68.40,69.30,229165.00,15881134.50
2024-08-15,64.30,64.40,62.80,63.50,165348.00,10499598.00
2024-08-16,64.30,64.40,63.00,63.00,156928.00,9886464.00
2024-08-19,62.90,62.90,61.80,61.80,103242.00,6380355.60
2024-08-20,62.20,62.30,61.80,62.20,74949.00,4661827.80
2024-08-21,63.00,63.00,61.80,62.90,25275.00,1589797.50
2024-08-22,62.90,63.30,62.30,62.70,38321.00,2402726.70
2024-08-23,62.00,62.60,62.00,62.60,19462.00,1218321.20
2024-08-26,62.30,62.90,62.30,62.90,34333.00,2159545.70
2024-08-27,63.20,63.80,62.70,63.30,88495.00,5601733.50
2024-08-28,63.40,63.50,63.20,63.40,21110.00,1338374.00
2024-08-29,63.40,64.10,63.40,64.10,28402.00,1820568.20
2024-08-30,64.80,69.80,64.80,65.90,506431.00,33373802.90
2024-09-02,67.70,67.70,63.90,64.00,227796.00,14578944.00
2024-09-03,64.00,64.80,63.70,64.00,68133.00,4360512.00
2024-09-04,62.50,63.30,61.90,62.10,136495.00,8476339.50
2024-09-05,62.80,63.90,62.10,62.10,96355.00,5983645.50
2024-09-06,62.40,62.40,61.60,61.80,65460.00,4045428.00
2024-09-09,61.00,61.50,60.50,60.80,97278.00,5914502.40
2024-09-10,61.10,61.10,59.60,59.80,70129.00,4193714.20
2024-09-11,59.80,60.40,59.50,59.70,53124.00,3171502.80
2024-09-12,59.70,60.30,59.70,60.20,32425.00,1951985.00
2024-09-13,60.30,60.40,59.80,60.20,25140.00,1513428.00
2024-09-16,60.30,61.70,60.20,61.30,47766.00,2928055.80
2024-09-18,61.30,61.70,60.50,61.30,91000.00,5578300.00
2024-09-19,61.60,62.10,60.90,62.10,70228.00,4361158.80
2024-09-20,62.90,63.00,61.50,62.00,104345.00,6469390.00
2024-09-23,62.70,62.80,61.80,62.00,76275.00,4729050.00
2024-09-24,62.90,62.90,61.60,62.10,78275.00,4860877.50
2024-09-25,62.50,62.50,61.80,62.40,75774.00,4728297.60
2024-09-26,63.20,63.20,61.80,62.40,68423.00,4269595.20
2024-09-27,62.60,62.60,62.00,62.20,74793.00,4652124.60
2024-09-30,61.80,62.30,61.60,62.30,53440.00,3329312.00
2024-10-01,62.50,62.50,61.80,62.10,67353.00,4182621.30
2024-10-04,62.20,62.40,61.70,62.00,55447.00,3437714.00
2024-10-07,62.30,62.30,61.90,62.20,33251.00,2068212.20
2024-10-08,62.40,62.40,61.30,61.40,121111.00,7436215.40
2024-10-09,61.30,61.40,60.20,60.90,170743.00,10398248.70
2024-10-11,60.60,61.00,60.60,60.80,18444.00,1121395.20
2024-10-14,60.80,60.80,60.10,60.60,37746.00,2287407.60
2024-10-15,60.80,61.10,60.10,60.80,94666.00,5755692.80
2024-10-16,60.80,60.80,60.20,60.30,55068.00,3320600.40
2024-10-17,60.20,61.20,60.20,61.10,68500.00,4185350.00
2024-10-18,61.30,61.60,61.10,61.50,37393.00,2299669.50
2024-10-21,62.00,63.00,61.70,62.30,174478.00,10869979.40
2024-10-22,63.20,63.30,62.30,62.60,93308.00,5841080.80
2024-10-23,62.80,63.20,62.50,62.50,154416.00,9651000.00
2024-10-24,62.40,62.40,61.50,61.60,128938.00,7942580.80
2024-10-25,62.10,62.90,61.90,62.50,48712.00,3044500.00
2024-10-28,62.40,63.00,62.20,62.20,58208.00,3620537.60
2024-10-29,62.30,62.30,61.10,61.80,108115.00,6681507.00
2024-10-30,61.70,62.40,61.30,61.60,55010.00,3388616.00
2024-11-01,61.90,63.00,61.90,62.80,69040.00,4335712.00
2024-11-04,63.00,63.10,62.60,62.70,47005.00,2947213.50
2024-11-05,62.70,62.80,62.60,62.60,33430.00,2092718.00
2024-11-06,62.60,62.70,62.50,62.50,21000.00,1312500.00
2024-11-07,62.50,62.60,62.10,62.40,55141.00,3440798.40
2024-11-08,62.90,62.90,62.20,62.40,31100.00,1940640.00
2024-11-11,61.90,61.90,60.90,61.20,74445.00,4556034.00
2024-11-12,61.00,61.00,59.90,59.90,54229.00,3248317.10
2024-11-13,59.90,60.20,59.50,59.50,71770.00,4270315.00
2024-11-14,59.60,59.60,57.90,57.90,143222.00,8292553.80
2024-11-15,58.00,58.50,57.50,58.10,97111.00,5642149.10
2024-11-18,59.30,59.30,57.80,58.10,38466.00,2234874.60
2024-11-19,58.60,58.60,58.10,58.20,22249.00,1294891.80
2024-11-20,58.90,59.10,58.40,58.70,22001.00,1291458.70
2024-11-21,59.00,59.90,58.60,59.70,45030.00,2688291.00
2024-11-22,59.90,61.50,59.90,61.40,59945.00,3680623.00
2024-11-25,61.80,61.80,61.00,61.00,48170.00,2938370.00
2024-11-26,61.00,61.00,61.00,61.00,2286.00,139446.00
2024-11-27,60.80,60.80,60.40,60.60,17329.00,1050137.40
2024-11-28,60.20,60.20,60.00,60.10,13046.00,784064.60
2024-11-29,59.80,60.50,59.80,60.10,6141.00,369074.10
2024-12-02,60.90,60.90,59.80,59.80,29309.00,1752678.20
2024-12-03,60.10,60.60,60.10,60.10,21100.00,1268110.00
2024-12-04,60.00,60.20,59.90,60.00,14263.00,855780.00
2024-12-05,59.80,60.10,59.80,59.90,8214.00,492018.60
2024-12-06,59.80,60.20,59.80,60.20,12020.00,723604.00
2024-12-09,60.20,60.20,59.90,59.90,13040.00,781096.00
2024-12-10,59.90,59.90,59.50,59.70,47522.00,2837063.40
2024-12-11,59.90,60.00,59.50,59.50,13078.00,778141.00
2024-12-12,59.90,59.90,59.70,59.70,8048.00,480465.60
2024-12-13,59.90,60.00,59.50,59.60,28350.00,1689660.00
2024-12-16,59.60,59.60,59.30,59.40,6101.00,362399.40
2024-12-17,59.50,60.40,59.50,60.30,19021.00,1146966.30
2024-12-18,60.00,60.60,60.00,60.50,18700.00,1131350.00
2024-12-19,60.40,60.50,59.80,59.80,42669.00,2551606.20
2024-12-20,59.60,60.30,59.30,59.70,27175.00,1622347.50
2024-12-23,60.20,61.70,60.20,61.60,61138.00,3766100.80
2024-12-24,61.90,63.10,61.40,62.30,113347.00,7061518.10
2024-12-25,62.50,62.80,61.90,61.90,44201.00,2736041.90
2024-12-26,62.80,62.80,61.90,62.00,28489.00,1766318.00
2024-12-27,62.40,63.50,61.50,63.50,115292.00,7321042.00
2024-12-30,63.60,68.20,63.60,67.50,703296.00,47472480.00
2024-12-31,67.00,68.40,65.50,68.00,620101.00,42166868.00
2025-01-02,67.60,68.70,66.10,67.00,171764.00,11508188.00
2025-01-03,67.30,70.00,66.20,66.20,279320.00,18490984.00
2025-01-06,66.30,66.30,64.50,64.80,137477.00,8908509.60
2025-01-07,64.80,64.80,63.50,63.50,67626.00,4294251.00
2025-01-08,63.70,63.70,62.80,63.00,29181.00,1838403.00
2025-01-09,63.00,63.00,61.00,61.30,79830.00,4893579.00
2025-01-10,61.10,61.30,60.90,61.00,22176.00,1352736.00
2025-01-13,60.70,61.70,60.50,61.20,36200.00,2215440.00
2025-01-14,61.20,61.60,60.80,61.40,15150.00,930210.00
2025-01-15,60.70,62.00,60.60,61.40,9116.00,559722.40
2025-01-16,61.90,62.20,61.70,61.80,13012.00,804141.60
2025-01-17,61.10,61.30,60.50,60.50,126742.00,7667891.00
2025-01-20,60.60,60.60,60.40,60.40,15222.00,919408.80
2025-01-21,60.50,61.00,60.50,60.70,12292.00,746124.40
2025-01-22,61.20,61.20,60.70,60.70,24292.00,1474524.40
2025-02-03,60.70,60.90,60.00,60.40,39707.00,2398302.80
2025-02-04,59.70,60.20,59.60,59.60,44100.00,2628360.00
2025-02-05,59.80,60.70,59.80,60.60,35263.00,2136937.80
2025-02-06,60.90,60.90,60.50,60.70,9572.00,581020.40
2025-02-07,61.00,62.10,61.00,61.10,48571.00,2967688.10
2025-02-10,61.20,61.50,61.10,61.50,10682.00,656943.00
2025-02-11,61.70,62.50,61.70,62.10,34919.00,2168469.90
2025-02-12,62.30,62.50,61.90,62.00,30564.00,1894968.00
2025-02-13,62.50,62.50,61.70,61.70,14052.00,867008.40
2025-02-14,62.40,62.80,62.00,62.10,23270.00,1445067.00
2025-02-17,62.10,64.40,62.10,64.10,88691.00,5685093.10
2025-02-18,64.40,64.40,63.50,63.50,31268.00,1985518.00
2025-02-19,64.00,65.50,63.70,64.90,75802.00,4919549.80
2025-02-20,64.70,64.80,64.20,64.30,28170.00,1811331.00
2025-02-21,64.30,64.70,64.00,64.40,54751.00,3525964.40
2025-02-24,64.90,65.50,64.60,65.50,66209.00,4336689.50
2025-02-25,65.50,65.80,65.30,65.30,57190.00,3734507.00
2025-02-26,65.30,65.30,64.70,64.70,29677.00,1920101.90
2025-02-27,65.30,67.00,64.40,64.80,192746.00,12489940.80
2025-03-03,62.80,63.80,61.80,63.50,287370.00,18247995.00
2025-03-04,63.50,64.80,62.60,64.80,66648.00,4318790.40
2025-03-05,65.00,65.00,64.10,64.10,52178.00,3344609.80
2025-03-06,64.30,64.40,63.80,63.90,47127.00,3011415.30
2025-03-07,63.30,63.30,62.30,62.30,82170.00,5119191.00
2025-03-10,62.50,63.00,62.20,62.70,32198.00,2018814.60
2025-03-11,61.60,62.80,61.30,62.80,56223.00,3530804.40
2025-03-12,63.00,63.00,62.30,62.50,26311.00,1644437.50
2025-03-13,62.50,62.80,62.20,62.20,29745.00,1850139.00
2025-03-14,62.20,62.40,61.80,62.00,15883.00,984746.00
2025-03-17,61.80,62.50,61.80,62.10,8748.00,543250.80
2025-03-18,62.40,62.40,62.00,62.20,29039.00,1806225.80
2025-03-19,62.20,62.20,61.80,61.90,23475.00,1453102.50
2025-03-20,62.00,62.70,61.70,62.70,38502.00,2414075.40
2025-03-21,62.70,62.70,61.90,61.90,29076.00,1799804.40
2025-03-24,61.60,62.00,61.40,61.50,34511.00,2122426.50
2025-03-25,62.00,62.10,61.40,61.40,28191.00,1730927.40
2025-03-26,61.90,62.20,61.60,62.20,34296.00,2133211.20
2025-03-27,61.00,62.30,60.90,61.90,17631.00,1091358.90
2025-03-28,61.50,61.60,60.80,61.00,32372.00,1974692.00
2025-03-31,60.30,60.80,59.20,59.50,71429.00,4250025.50
2025-04-01,59.60,60.30,59.10,60.00,31232.00,1873920.00
2025-04-02,60.00,60.20,59.70,60.10,11107.00,667530.70
2025-04-07,54.10,54.10,54.10,54.10,60004.00,3246216.40
2025-04-08,49.50,52.80,49.20,50.30,128926.00,6484977.80
2025-04-09,48.80,49.60,45.30,45.35,131886.00,5981030.10
2025-04-10,49.80,49.85,49.80,49.85,62013.00,3091348.05
2025-04-11,49.85,51.60,49.50,51.10,30276.00,1547103.60
2025-04-14,52.00,53.00,51.10,51.20,72940.00,3734528.00
2025-04-15,51.60,53.40,51.60,52.50,22018.00,1155945.00
2025-04-16,57.70,57.70,57.60,57.70,143355.00,8271583.50
2025-04-17,60.00,62.80,57.20,58.00,809534.00,46952972.00
2025-04-18,58.00,60.50,57.90,58.40,177568.00,10369971.20
2025-04-21,60.00,60.00,57.00,57.50,179345.00,10312337.50
2025-04-22,57.10,58.40,57.10,57.80,102651.00,5933227.80
2025-04-23,58.40,60.60,58.40,60.60,168626.00,10218735.60
2025-04-24,59.60,60.40,59.40,60.40,80736.00,4876454.40
2025-04-25,60.50,63.00,60.30,61.20,185382.00,11345378.40
2025-04-28,62.00,62.00,61.30,61.30,59718.00,3660713.40
2025-04-29,61.80,63.00,60.60,61.40,130580.00,8017612.00
2025-04-30,61.40,62.20,60.90,60.90,87198.00,5310358.20
2025-05-02,61.20,61.30,59.90,60.30,59629.00,3595628.70
2025-05-05,60.00,60.30,56.00,57.30,124424.00,7129495.20
2025-05-06,58.70,58.90,57.60,57.80,27238.00,1574356.40
2025-05-07,55.20,60.50,55.20,60.00,203876.00,12232560.00
2025-05-08,60.50,60.70,58.80,59.70,94131.00,5619620.70
2025-05-09,59.50,59.90,58.70,59.30,66646.00,3952107.80
2025-05-12,57.50,60.00,57.10,59.80,85359.00,5104468.20
2025-05-13,59.80,60.40,59.00,59.80,89651.00,5361129.80
2025-05-14,59.30,60.40,59.30,60.20,63375.00,3815175.00
2025-05-15,59.10,60.00,59.10,59.80,52247.00,3124370.60
2025-05-16,59.80,59.80,58.80,59.70,41649.00,2486445.30
2025-05-19,59.90,60.40,59.80,60.00,85057.00,5103420.00
2025-05-20,60.00,60.20,59.20,59.50,32011.00,1904654.50
2025-05-21,59.80,60.10,59.30,59.90,26284.00,1574411.60
2025-05-22,59.10,60.00,58.90,59.40,24011.00,1426253.40
2025-05-23,59.10,60.00,58.50,60.00,36071.00,2164260.00
2025-05-26,59.90,59.90,59.10,59.90,28712.00,1719848.80
2025-05-27,59.90,60.20,59.10,59.10,26073.00,1540914.30
2025-05-28,59.90,60.00,59.10,59.50,31072.00,1848784.00
2025-05-29,59.90,60.10,59.10,59.10,30427.00,1798235.70
2025-06-02,58.90,60.00,58.20,59.70,42101.00,2513429.70
2025-06-03,59.90,60.10,59.10,59.10,32731.00,1934402.10
2025-06-04,59.10,60.10,59.10,59.50,48182.00,2866829.00
2025-06-05,59.50,60.00,59.50,60.00,22627.00,1357620.00
2025-06-06,58.60,59.90,58.60,59.20,20000.00,1184000.00
2025-06-09,59.20,59.60,58.90,59.00,11001.00,649059.00
2025-06-10,59.00,59.50,58.90,58.90,31120.00,1832968.00
2025-06-11,59.30,59.70,59.00,59.30,18576.00,1101556.80
2025-06-12,59.50,59.80,58.50,58.60,32167.00,1884986.20
2025-06-13,57.90,58.20,56.70,57.20,19209.00,1098754.80
2025-06-16,58.50,58.60,57.20,58.20,18085.00,1052547.00
2025-06-17,58.10,59.30,57.90,57.90,24076.00,1394000.40
2025-06-18,57.60,58.90,57.60,57.80,20050.00,1158890.00
2025-06-19,58.60,58.80,56.70,56.70,26549.00,1505328.30
2025-06-20,57.50,58.00,56.20,56.30,32033.00,1803457.90
2025-06-23,56.40,56.40,55.50,55.60,18123.00,1007638.80
2025-06-24,57.30,57.30,56.50,57.30,9576.00,548704.80
2025-06-25,57.20,58.00,56.70,57.80,22431.00,1296511.80
2025-06-26,57.80,59.10,57.80,59.10,47078.00,2782309.80
2025-06-27,59.10,59.10,59.00,59.00,13665.00,806235.00
2025-06-30,59.00,59.00,59.00,59.00,1018.00,60062.00
2025-07-01,59.00,59.00,58.00,58.00,21575.00,1251350.00
2025-07-02,58.80,58.80,57.00,57.10,23251.00,1327632.10
2025-07-03,57.10,57.70,56.50,57.00,36350.00,2071950.00
2025-07-04,57.00,57.10,55.50,56.40,46200.00,2605680.00
2025-07-07,57.10,57.10,55.20,55.20,47116.00,2600803.20
2025-07-08,52.20,52.60,52.00,52.30,34354.00,1796714.20
2025-07-09,52.00,52.80,51.90,52.80,27128.00,1432358.40
2025-07-10,52.80,52.80,52.60,52.60,4020.00,211452.00
2025-07-11,52.50,54.20,51.50,53.90,28078.00,1513404.20
2025-07-14,53.90,53.90,53.80,53.80,2133.00,114755.40
2025-07-15,52.90,53.20,52.90,53.20,15314.00,814704.80
2025-07-16,52.70,53.70,52.70,53.40,22134.00,1181955.60
2025-07-17,53.40,53.80,52.80,52.80,10070.00,531696.00
2025-07-18,53.00,53.70,52.90,53.70,22000.00,1181400.00
2025-07-21,53.70,53.70,53.20,53.20,13141.00,699101.20
2025-07-22,53.50,53.90,53.40,53.60,17328.00,928780.80
2025-07-23,53.50,53.50,53.00,53.30,15953.00,850294.90
2025-07-24,54.70,54.70,53.00,53.00,12156.00,644268.00
2025-07-25,52.60,53.80,52.60,53.50,12047.00,644514.50
2025-07-28,53.50,53.50,52.70,52.70,7363.00,388030.10
2025-07-29,52.70,52.70,52.30,52.30,10222.00,534610.60
2025-07-30,0.00,0.00,0.00,0.00,100.00,0.00
2025-07-31,52.00,52.30,51.30,51.60,17104.00,882566.40
2025-08-01,52.00,52.50,52.00,52.50,12282.00,644805.00
2025-08-04,52.30,53.00,52.30,53.00,4213.00,223289.00
2025-08-05,52.80,52.80,52.40,52.80,6727.00,355185.60
2025-08-06,53.40,53.40,52.50,53.10,8161.00,433349.10
2025-08-07,53.40,53.50,52.70,52.70,15030.00,792081.00
2025-08-08,53.00,53.00,52.40,52.70,10081.00,531268.70
2025-08-11,51.00,51.90,50.00,51.50,86033.00,4430699.50
2025-08-12,52.00,52.00,51.80,52.00,32366.00,1683032.00
2025-08-13,52.00,52.70,52.00,52.70,10065.00,530425.50
2025-08-14,52.00,52.70,52.00,52.70,40159.00,2116379.30
2025-08-15,52.90,52.90,52.10,52.30,21142.00,1105726.60
2025-08-18,52.20,52.40,51.80,52.20,13357.00,697235.40
2025-08-19,52.10,52.60,52.00,52.00,21378.00,1111656.00
2025-08-20,52.00,52.10,51.70,51.70,15260.00,788942.00
2025-08-21,51.70,51.70,50.80,51.00,25627.00,1306977.00
2025-08-22,51.00,51.10,50.40,50.50,31364.00,1583882.00
2025-08-25,50.70,50.90,50.60,50.60,15434.00,780960.40
2025-08-26,50.60,51.90,50.40,51.70,16171.00,836040.70
2025-08-27,51.70,52.00,51.70,51.80,12210.00,632478.00
2025-08-28,51.80,51.80,51.40,51.50,8111.00,417716.50
2025-08-29,51.60,51.60,51.60,51.60,1064.00,54902.40
2025-09-01,51.60,51.60,51.20,51.60,12141.00,626475.60
2025-09-02,51.50,51.50,51.40,51.40,11302.00,580922.80
2025-09-03,52.00,53.00,52.00,52.80,15579.00,822571.20
2025-09-04,52.40,52.40,52.00,52.00,5270.00,274040.00
2025-09-05,52.00,52.10,51.80,52.00,17348.00,902096.00
2025-09-08,51.90,52.00,50.60,51.60,13337.00,688189.20
2025-09-09,52.40,52.40,50.70,51.40,17560.00,902584.00
2025-09-10,51.40,51.40,50.30,50.90,20008.00,1018407.20
2025-09-11,50.80,51.70,50.70,51.20,16724.00,856268.80
2025-09-12,50.70,51.00,50.70,51.00,6235.00,317985.00
2025-09-15,51.20,51.30,50.40,51.20,6168.00,315801.60
2025-09-16,51.70,51.70,50.60,50.70,9352.00,474146.40
2025-09-17,50.70,50.70,49.65,49.70,11802.00,586559.40
2025-09-18,51.10,51.30,50.90,51.30,19518.00,1001273.40
2025-09-19,51.20,51.50,51.20,51.40,26508.00,1362511.20
2025-09-22,51.50,51.50,50.40,50.40,14227.00,717040.80
2025-09-23,50.40,50.40,50.20,50.40,9894.00,498657.60
2025-09-24,50.20,50.20,50.00,50.00,2220.00,111000.00
2025-09-25,50.90,50.90,50.00,50.00,12257.00,612850.00
2025-09-26,51.30,51.30,49.85,50.70,12065.00,611695.50
2025-09-30,49.70,50.40,49.70,50.40,9238.00,465595.20
2025-10-01,50.40,50.40,49.90,50.10,19032.00,953503.20
2025-10-02,49.90,51.10,49.90,49.90,11716.00,584628.40
2025-10-03,49.90,49.95,49.90,49.95,2062.00,102996.90
2025-10-07,49.55,49.60,49.55,49.60,3258.00,161596.80
2025-10-08,49.60,49.90,49.60,49.90,2084.00,103991.60
2025-10-09,50.00,50.00,49.35,49.35,7104.00,350582.40
2025-10-13,49.35,50.00,48.60,49.25,22676.00,1116793.00
2025-10-14,49.50,49.50,48.80,48.80,16353.00,798026.40
2025-10-15,49.45,49.60,48.90,49.00,8724.00,427476.00
2025-10-16,49.00,49.75,49.00,49.20,5583.00,274683.60
2025-10-17,49.15,49.15,49.00,49.00,7202.00,352898.00
2025-10-20,48.80,48.80,48.80,48.80,4910.00,239608.00
2025-10-21,48.90,49.00,48.65,48.65,7368.00,358453.20
2025-10-22,49.00,49.00,48.60,48.60,6552.00,318427.20
2025-10-23,49.00,49.00,48.50,48.50,7424.00,360064.00
2025-10-27,48.50,48.85,48.20,48.50,14567.00,706499.50
2025-10-28,48.05,48.05,47.90,47.90,12209.00,584811.10
2025-10-29,48.20,48.20,47.75,47.75,15369.00,733869.75
2025-10-30,47.50,47.50,47.20,47.20,10281.00,485263.20
2025-10-31,47.05,47.05,46.50,46.50,16426.00,763809.00
2025-11-03,46.55,46.55,45.90,45.90,39851.00,1829160.90
2025-11-04,45.80,45.80,44.75,45.05,9769.00,440093.45
2025-11-05,45.20,45.40,45.20,45.40,9298.00,422129.20
2025-11-06,46.90,46.90,46.00,46.00,8449.00,388654.00
2025-11-07,45.00,45.50,44.50,44.75,17418.00,779455.50
2025-11-10,44.75,44.75,43.55,44.10,23268.00,1026118.80
2025-11-11,44.80,45.95,43.75,43.85,20028.00,878227.80
2025-11-12,44.20,45.15,44.20,45.15,18760.00,847014.00
2025-11-13,45.20,45.40,45.20,45.40,10175.00,461945.00
2025-11-14,45.00,45.00,44.80,44.80,7613.00,341062.40
2025-11-17,44.80,45.20,44.80,45.20,5626.00,254295.20
2025-11-18,44.85,44.85,43.80,43.80,11241.00,492355.80
2025-11-19,42.95,43.95,42.95,43.05,29007.00,1248751.35
2025-11-20,43.10,43.25,41.80,41.80,27129.00,1133992.20
2025-11-21,43.80,45.40,41.65,44.10,32917.00,1451639.70
2025-11-24,45.40,45.95,45.40,45.95,18096.00,831511.20
2025-11-25,46.00,46.00,45.80,45.80,8000.00,366400.00
2025-11-26,45.90,46.90,45.30,45.85,21485.00,985087.25
2025-11-27,45.80,45.80,44.60,45.15,9119.00,411722.85
2025-11-28,44.20,44.95,44.15,44.15,19583.00,864589.45
2025-12-01,44.15,44.55,44.15,44.55,5627.00,250682.85
2025-12-02,46.75,46.75,44.70,44.70,16111.00,720161.70
2025-12-03,46.20,46.20,46.15,46.20,7100.00,328020.00
2025-12-04,46.30,46.30,46.30,46.30,2064.00,95563.20
2025-12-05,46.30,46.55,46.00,46.55,8406.00,391299.30
2025-12-08,46.05,46.05,45.50,45.50,12258.00,557739.00
2025-12-09,45.10,46.50,45.10,46.50,24383.00,1133809.50
2025-12-10,45.00,46.50,45.00,46.00,5615.00,258290.00
2025-12-11,46.00,47.00,46.00,46.75,25255.00,1180671.25
2025-12-12,0.00,0.00,0.00,0.00,203.00,0.00
2025-12-15,46.95,46.95,46.95,46.95,4200.00,197190.00
2025-12-16,45.35,46.00,44.30,45.25,59025.00,2670881.25
2025-12-17,45.90,46.00,45.50,45.50,8080.00,367640.00
2025-12-18,46.00,46.70,45.75,45.75,6720.00,307440.00
2025-12-19,45.75,45.75,45.75,45.75,2187.00,100055.25
2025-12-22,45.10,46.35,45.10,45.75,3251.00,148733.25
2025-12-23,45.30,46.40,45.30,45.80,3082.00,141155.60
2025-12-24,45.80,45.80,45.80,45.80,5000.00,229000.00
2025-12-26,45.80,45.80,45.80,45.80,2000.00,91600.00
2025-12-27,45.80,45.80,45.80,45.80,2000.00,91600.00
2025-12-29,45.50,45.50,44.80,44.85,26000.00,1166100.00
2025-12-30,44.80,44.80,44.65,44.65,2000.00,89300.00
2025-12-31,44.20,44.25,44.15,44.15,31000.00,1368650.00
2026-01-01,44.20,44.25,44.15,44.15,31000.00,1368650.00
2026-01-02,44.50,44.50,44.50,44.50,2000.00,89000.00
2026-01-03,44.50,44.50,44.50,44.50,2000.00,89000.00
2026-01-05,44.50,44.50,44.50,44.50,2000.00,89000.00
2026-01-06,45.00,45.00,44.50,44.50,13000.00,578500.00
2026-01-07,45.35,45.35,44.05,44.05,7080.00,311874.00
2026-01-08,43.70,44.00,43.55,44.00,8627.00,379588.00
2026-01-09,44.40,44.40,44.40,44.40,1081.00,47996.40
2026-01-12,44.85,45.50,44.80,45.50,6000.00,273000.00
2026-01-13,46.45,46.45,45.00,45.05,20249.00,912217.45
2026-01-14,45.30,46.85,45.30,46.10,26000.00,1198600.00
2026-01-15,46.10,47.10,46.10,46.55,53000.00,2467150.00
2026-01-16,47.50,49.95,47.50,48.70,147791.00,7197421.70
2026-01-17,47.50,49.95,47.50,48.70,145000.00,7061500.00
2026-01-19,50.00,52.10,50.00,50.80,173000.00,8788400.00
2026-01-20,50.80,50.80,49.35,50.00,70000.00,3500000.00
2026-01-21,49.55,49.90,48.90,49.35,82000.00,4046700.00
2026-01-22,49.85,49.85,48.25,48.70,32000.00,1558400.00
2026-01-23,49.20,49.40,48.45,49.00,99000.00,4851000.00
2026-01-26,48.60,48.60,48.10,48.10,54269.00,2610338.90
2026-01-27,49.50,49.50,47.95,48.50,52774.00,2559539.00
2026-01-28,49.40,49.40,48.15,48.35,27320.00,1320922.00
2026-01-29,48.05,49.90,48.05,49.35,37450.00,1848157.50
2026-01-30,49.65,49.65,48.65,49.10,43240.00,2123084.00
2026-02-02,49.10,49.10,47.80,48.60,14936.00,725889.60
2026-02-03,48.65,48.75,48.00,48.10,19403.00,933284.30
2026-02-04,49.45,49.45,49.00,49.00,12160.00,595840.00
